booking_date,channel_id,Sum of true_gross_room_revenue,Sum of true_commission_cost,Sum of rooms_sold,marketing_spend,cost_of_acquisition
1/1/2025 0:00,CH_DIRECT,427.33,0,2,0,0
1/1/2025 0:00,CH_OTA_BKG,566.6463415,101.9963415,1,0,0.18
1/1/2025 0:00,CH_OTA_EXP,206.54,30.981,1,0,0.15
1/1/2025 0:00,CH_WHOLE,1498.57,0,7,0,0
2/1/2025 0:00,CH_DIRECT,1878.68,0,6,0,0
2/1/2025 0:00,CH_OTA_BKG,483.19,86.9742,2,0,0.18
2/1/2025 0:00,CH_WHOLE,212.59,0,2,0,0
3/1/2025 0:00,CH_DIRECT,246.61,0,2,0,0
3/1/2025 0:00,CH_OTA_BKG,1289.223171,232.0601707,4,0,0.18
3/1/2025 0:00,CH_OTA_EXP,1364.68,204.702,7,0,0.15
3/1/2025 0:00,CH_WHOLE,349.29,0,2,0,0
4/1/2025 0:00,CH_OTA_BKG,193.46,34.8228,1,0,0.18
4/1/2025 0:00,CH_WHOLE,332.8,0,1,0,0
5/1/2025 0:00,CH_DIRECT,1319.5,0,3,0,0
5/1/2025 0:00,CH_OTA_BKG,812.23,146.2014,4,0,0.18
5/1/2025 0:00,CH_OTA_EXP,659.27,98.8905,2,0,0.15
6/1/2025 0:00,CH_DIRECT,322.39,0,2,0,0
6/1/2025 0:00,CH_OTA_BKG,856.6707317,154.2007317,2,0,0.18
6/1/2025 0:00,CH_OTA_EXP,1023.258824,153.4888235,3,0,0.15
6/1/2025 0:00,CH_WHOLE,315.66,0,2,0,0
7/1/2025 0:00,CH_DIRECT,793.56,0,2,0,0
7/1/2025 0:00,CH_OTA_BKG,198.37,35.7066,1,0,0.18
7/1/2025 0:00,CH_OTA_EXP,80.01,12.0015,1,0,0.15
8/1/2025 0:00,CH_DIRECT,1527.95,0,5,0,0
8/1/2025 0:00,CH_OTA_BKG,709.82,127.7676,2,0,0.18
8/1/2025 0:00,CH_OTA_EXP,431.68,64.752,3,0,0.15
9/1/2025 0:00,CH_DIRECT,2034.24,0,5,0,0
9/1/2025 0:00,CH_OTA_BKG,422.3,76.014,3,0,0.18
9/1/2025 0:00,CH_OTA_EXP,1332.81,199.9215,4,0,0.15
9/1/2025 0:00,CH_WHOLE,442.8,0,2,0,0
10/1/2025 0:00,CH_DIRECT,377.41,0,2,0,0
10/1/2025 0:00,CH_WHOLE,2164.48,0,5,0,0
11/1/2025 0:00,CH_OTA_BKG,1536.341463,276.5414634,3,0,0.18
11/1/2025 0:00,CH_OTA_EXP,1464.078235,219.6117353,5,0,0.15
12/1/2025 0:00,CH_DIRECT,456.28,0,3,0,0
12/1/2025 0:00,CH_OTA_BKG,465.73,83.8314,1,0,0.18
12/1/2025 0:00,CH_OTA_EXP,1461.176471,219.1764706,3,0,0.15
12/1/2025 0:00,CH_WHOLE,891.7,0,3,0,0
13/1/2025 0:00,CH_DIRECT,1827.32,0,5,0,0
13/1/2025 0:00,CH_OTA_BKG,2267.829024,408.2092244,7,0,0.18
13/1/2025 0:00,CH_WHOLE,821.46,0,3,0,0
14/1/2025 0:00,CH_DIRECT,887.72,0,2,0,0
14/1/2025 0:00,CH_OTA_BKG,502.93,90.5274,3,0,0.18
14/1/2025 0:00,CH_WHOLE,1256.67,0,5,0,0
15/1/2025 0:00,CH_DIRECT,227.05,0,1,0,0
16/1/2025 0:00,CH_OTA_EXP,2612.432353,391.8648529,8,0,0.15
16/1/2025 0:00,CH_WHOLE,2079.39,0,7,0,0
17/1/2025 0:00,CH_OTA_BKG,431.49,77.6682,4,0,0.18
17/1/2025 0:00,CH_WHOLE,1083.28,0,3,0,0
18/1/2025 0:00,CH_OTA_EXP,1612.255882,241.8383824,6,0,0.15
20/1/2025 0:00,CH_DIRECT,295.57,0,1,0,0
20/1/2025 0:00,CH_OTA_BKG,416.9634146,75.05341463,1,0,0.18
20/1/2025 0:00,CH_OTA_EXP,2923.766471,438.5649706,8,0,0.15
21/1/2025 0:00,CH_OTA_BKG,1141.056341,205.3901415,4,0,0.18
22/1/2025 0:00,CH_DIRECT,400.62,0,2,3885,9.697468923
22/1/2025 0:00,CH_OTA_BKG,184.3,33.174,1,0,0.18
22/1/2025 0:00,CH_OTA_EXP,994.59,149.1885,5,0,0.15
22/1/2025 0:00,CH_WHOLE,244.53,0,1,0,0
23/1/2025 0:00,CH_DIRECT,1786.41,0,6,0,0
23/1/2025 0:00,CH_OTA_BKG,986.36,177.5448,3,0,0.18
23/1/2025 0:00,CH_OTA_EXP,441.2,66.18,1,0,0.15
23/1/2025 0:00,CH_WHOLE,652.26,0,3,0,0
24/1/2025 0:00,CH_OTA_BKG,1955.5,351.99,6,0,0.18
24/1/2025 0:00,CH_OTA_EXP,2332.215882,349.8323824,6,0,0.15
24/1/2025 0:00,CH_WHOLE,2984.4,0,7,0,0
25/1/2025 0:00,CH_DIRECT,685.45,0,4,0,0
25/1/2025 0:00,CH_OTA_BKG,398.17,71.6706,1,0,0.18
25/1/2025 0:00,CH_OTA_EXP,1055.24,158.286,3,0,0.15
25/1/2025 0:00,CH_WHOLE,170.54,0,1,0,0
26/1/2025 0:00,CH_OTA_BKG,905.98,163.0764,3,0,0.18
26/1/2025 0:00,CH_OTA_EXP,478.41,71.7615,1,0,0.15
26/1/2025 0:00,CH_WHOLE,606.62,0,2,0,0
27/1/2025 0:00,CH_DIRECT,724.63,0,2,7130,9.839504299
27/1/2025 0:00,CH_OTA_BKG,799.8536585,143.9736585,2,0,0.18
27/1/2025 0:00,CH_OTA_EXP,345.37,51.8055,2,0,0.15
27/1/2025 0:00,CH_WHOLE,263.41,0,2,0,0
28/1/2025 0:00,CH_OTA_BKG,580.27,104.4486,2,0,0.18
28/1/2025 0:00,CH_OTA_EXP,730.62,109.593,2,0,0.15
29/1/2025 0:00,CH_DIRECT,374.15,0,3,0,0
29/1/2025 0:00,CH_OTA_BKG,479.44,86.2992,1,0,0.18
29/1/2025 0:00,CH_WHOLE,2365.1,0,8,0,0
30/1/2025 0:00,CH_DIRECT,808.23,0,3,3667,4.537074843
30/1/2025 0:00,CH_OTA_EXP,1554.175882,233.1263824,5,0,0.15
31/1/2025 0:00,CH_DIRECT,182.92,0,1,0,0
31/1/2025 0:00,CH_OTA_BKG,254.09,45.7362,2,0,0.18
31/1/2025 0:00,CH_OTA_EXP,1249.59,187.4385,3,0,0.15
31/1/2025 0:00,CH_WHOLE,820.73,0,3,0,0
1/2/2025 0:00,CH_DIRECT,1033.83,0,4,0,0
1/2/2025 0:00,CH_OTA_EXP,1066.341176,159.9511765,2,0,0.15
1/2/2025 0:00,CH_WHOLE,1535.83,0,5,0,0
2/2/2025 0:00,CH_OTA_EXP,566.1,84.915,2,0,0.15
3/2/2025 0:00,CH_DIRECT,1847.46,0,5,0,0
3/2/2025 0:00,CH_OTA_EXP,1269,190.35,3,0,0.15
3/2/2025 0:00,CH_WHOLE,557.04,0,2,0,0
4/2/2025 0:00,CH_DIRECT,405.95,0,3,0,0
4/2/2025 0:00,CH_OTA_BKG,462.2,83.196,1,0,0.18
4/2/2025 0:00,CH_OTA_EXP,1376.564706,206.4847059,3,0,0.15
4/2/2025 0:00,CH_WHOLE,889.29,0,3,0,0
5/2/2025 0:00,CH_DIRECT,2681,0,6,4506,1.680716151
5/2/2025 0:00,CH_OTA_EXP,531.59,79.7385,3,0,0.15
5/2/2025 0:00,CH_WHOLE,974.51,0,4,0,0
6/2/2025 0:00,CH_DIRECT,913.93,0,2,447,0.489096539
6/2/2025 0:00,CH_OTA_EXP,561.18,84.177,2,0,0.15
6/2/2025 0:00,CH_WHOLE,88.94,0,1,0,0
7/2/2025 0:00,CH_OTA_BKG,680.3,122.454,3,0,0.18
7/2/2025 0:00,CH_OTA_EXP,2528.338235,379.2507353,9,0,0.15
7/2/2025 0:00,CH_WHOLE,209.21,0,2,0,0
8/2/2025 0:00,CH_DIRECT,817.99,0,2,0,0
8/2/2025 0:00,CH_OTA_BKG,413.57,74.4426,1,0,0.18
8/2/2025 0:00,CH_OTA_EXP,1256.08,188.412,3,0,0.15
8/2/2025 0:00,CH_WHOLE,1387.36,0,4,0,0
9/2/2025 0:00,CH_DIRECT,873.61,0,5,1549,1.773102414
9/2/2025 0:00,CH_OTA_BKG,2039.06122,367.0310195,4,0,0.18
9/2/2025 0:00,CH_OTA_EXP,707.81,106.1715,2,0,0.15
10/2/2025 0:00,CH_DIRECT,1215.15,0,4,2575,2.119079949
10/2/2025 0:00,CH_OTA_EXP,1066.42,159.963,5,0,0.15
10/2/2025 0:00,CH_WHOLE,997.62,0,3,0,0
11/2/2025 0:00,CH_DIRECT,1269.06,0,3,4079,3.21419003
11/2/2025 0:00,CH_OTA_BKG,248.68,44.7624,1,0,0.18
11/2/2025 0:00,CH_OTA_EXP,952.0470588,142.8070588,2,0,0.15
11/2/2025 0:00,CH_WHOLE,161.89,0,2,0,0
12/2/2025 0:00,CH_DIRECT,2235.5,0,7,0,0
12/2/2025 0:00,CH_OTA_BKG,1446.28,260.3304,5,0,0.18
12/2/2025 0:00,CH_OTA_EXP,1479.87,221.9805,6,0,0.15
13/2/2025 0:00,CH_DIRECT,187.93,0,1,0,0
13/2/2025 0:00,CH_OTA_BKG,1813.894146,326.5009463,4,0,0.18
13/2/2025 0:00,CH_WHOLE,1866.94,0,4,0,0
14/2/2025 0:00,CH_DIRECT,1893.93,0,5,0,0
14/2/2025 0:00,CH_OTA_EXP,328.58,49.287,2,0,0.15
15/2/2025 0:00,CH_WHOLE,743.94,0,2,0,0
16/2/2025 0:00,CH_DIRECT,1875.65,0,5,0,0
16/2/2025 0:00,CH_OTA_BKG,165.597561,29.80756098,1,0,0.18
16/2/2025 0:00,CH_OTA_EXP,189.53,28.4295,1,0,0.15
17/2/2025 0:00,CH_OTA_BKG,1344.504146,242.0107463,4,0,0.18
17/2/2025 0:00,CH_WHOLE,581.83,0,3,0,0
18/2/2025 0:00,CH_DIRECT,826.5,0,2,2206,2.669086509
18/2/2025 0:00,CH_OTA_BKG,781.5243902,140.6743902,2,0,0.18
18/2/2025 0:00,CH_WHOLE,1071.16,0,3,0,0
19/2/2025 0:00,CH_OTA_EXP,236.94,35.541,1,0,0.15
19/2/2025 0:00,CH_WHOLE,283.21,0,2,0,0
20/2/2025 0:00,CH_DIRECT,217.5,0,1,0,0
20/2/2025 0:00,CH_OTA_BKG,357.597561,64.36756098,2,0,0.18
20/2/2025 0:00,CH_OTA_EXP,130.87,19.6305,1,0,0.15
20/2/2025 0:00,CH_WHOLE,177.99,0,1,0,0
21/2/2025 0:00,CH_DIRECT,340.26,0,2,0,0
21/2/2025 0:00,CH_OTA_EXP,2716.713529,407.5070294,8,0,0.15
21/2/2025 0:00,CH_WHOLE,259.12,0,1,0,0
22/2/2025 0:00,CH_DIRECT,426.11,0,1,0,0
23/2/2025 0:00,CH_OTA_BKG,296.3,53.334,1,0,0.18
23/2/2025 0:00,CH_OTA_EXP,952.9,142.935,5,0,0.15
23/2/2025 0:00,CH_WHOLE,413.15,0,2,0,0
24/2/2025 0:00,CH_DIRECT,251.9,0,1,0,0
24/2/2025 0:00,CH_OTA_BKG,1210.68,217.9224,3,0,0.18
24/2/2025 0:00,CH_OTA_EXP,93.79,14.0685,1,0,0.15
24/2/2025 0:00,CH_WHOLE,431.97,0,3,0,0
25/2/2025 0:00,CH_DIRECT,1426.91,0,5,766,0.536824327
25/2/2025 0:00,CH_OTA_BKG,771.7,138.906,2,0,0.18
25/2/2025 0:00,CH_OTA_EXP,1103.91,165.5865,3,0,0.15
25/2/2025 0:00,CH_WHOLE,639.22,0,5,0,0
26/2/2025 0:00,CH_DIRECT,254.42,0,1,0,0
26/2/2025 0:00,CH_OTA_BKG,301.4146341,54.25463415,1,0,0.18
26/2/2025 0:00,CH_OTA_EXP,593.48,89.022,2,0,0.15
26/2/2025 0:00,CH_WHOLE,1426.27,0,4,0,0
27/2/2025 0:00,CH_DIRECT,605.82,0,2,0,0
27/2/2025 0:00,CH_OTA_EXP,961.8611765,144.2791765,3,0,0.15
27/2/2025 0:00,CH_WHOLE,3195.37,0,8,0,0
28/2/2025 0:00,CH_DIRECT,749.63,0,3,3168,4.226084869
28/2/2025 0:00,CH_OTA_BKG,312.28,56.2104,1,0,0.18
28/2/2025 0:00,CH_OTA_EXP,189.51,28.4265,1,0,0.15
1/3/2025 0:00,CH_DIRECT,1613.91,0,4,3917,2.427025051
1/3/2025 0:00,CH_OTA_BKG,614.1304878,110.5434878,4,0,0.18
2/3/2025 0:00,CH_DIRECT,1186.11,0,5,5493,4.631105041
2/3/2025 0:00,CH_OTA_BKG,1746.813659,314.4264585,8,0,0.18
2/3/2025 0:00,CH_OTA_EXP,1417.39,212.6085,3,0,0.15
2/3/2025 0:00,CH_WHOLE,264.22,0,3,0,0
3/3/2025 0:00,CH_DIRECT,258.7,0,1,3468,13.40548898
3/3/2025 0:00,CH_WHOLE,302.87,0,2,0,0
4/3/2025 0:00,CH_OTA_BKG,421.63,75.8934,3,0,0.18
4/3/2025 0:00,CH_OTA_EXP,2161.02,324.153,6,0,0.15
4/3/2025 0:00,CH_WHOLE,2996,0,13,0,0
5/3/2025 0:00,CH_OTA_BKG,346.25,62.325,3,0,0.18
5/3/2025 0:00,CH_WHOLE,1867.32,0,6,0,0
6/3/2025 0:00,CH_DIRECT,894.12,0,3,0,0
6/3/2025 0:00,CH_OTA_BKG,98.4,17.712,1,0,0.18
6/3/2025 0:00,CH_WHOLE,1100.86,0,3,0,0
7/3/2025 0:00,CH_DIRECT,945.75,0,4,0,0
7/3/2025 0:00,CH_OTA_EXP,559.64,83.946,4,0,0.15
7/3/2025 0:00,CH_WHOLE,1650.14,0,5,0,0
9/3/2025 0:00,CH_DIRECT,882.5,0,3,0,0
9/3/2025 0:00,CH_OTA_BKG,2162.620976,389.2717756,5,0,0.18
9/3/2025 0:00,CH_OTA_EXP,1389.43,208.4145,4,0,0.15
9/3/2025 0:00,CH_WHOLE,1345.83,0,3,0,0
10/3/2025 0:00,CH_DIRECT,1876.31,0,6,958,0.51057661
10/3/2025 0:00,CH_OTA_BKG,241.11,43.3998,2,0,0.18
10/3/2025 0:00,CH_OTA_EXP,849.6852941,127.4527941,5,0,0.15
11/3/2025 0:00,CH_OTA_BKG,411.0487805,73.98878049,3,0,0.18
11/3/2025 0:00,CH_OTA_EXP,2298.29,344.7435,6,0,0.15
12/3/2025 0:00,CH_DIRECT,2061.16,0,5,1955,0.948495022
12/3/2025 0:00,CH_OTA_BKG,260.7,46.926,2,0,0.18
12/3/2025 0:00,CH_OTA_EXP,210.1,31.515,1,0,0.15
12/3/2025 0:00,CH_WHOLE,140.36,0,1,0,0
13/3/2025 0:00,CH_OTA_BKG,812.2682927,146.2082927,4,0,0.18
14/3/2025 0:00,CH_DIRECT,1384.24,0,4,0,0
14/3/2025 0:00,CH_OTA_EXP,811.3382353,121.7007353,3,0,0.15
14/3/2025 0:00,CH_WHOLE,373.35,0,3,0,0
15/3/2025 0:00,CH_OTA_BKG,282.99,50.9382,1,0,0.18
15/3/2025 0:00,CH_OTA_EXP,843.97,126.5955,2,0,0.15
15/3/2025 0:00,CH_WHOLE,496.21,0,1,0,0
16/3/2025 0:00,CH_DIRECT,671.43,0,2,0,0
16/3/2025 0:00,CH_OTA_BKG,341.22,61.4196,2,0,0.18
16/3/2025 0:00,CH_WHOLE,413.48,0,2,0,0
17/3/2025 0:00,CH_DIRECT,424.5,0,4,0,0
17/3/2025 0:00,CH_OTA_BKG,931.08,167.5944,3,0,0.18
17/3/2025 0:00,CH_WHOLE,771.38,0,3,0,0
18/3/2025 0:00,CH_DIRECT,1452.69,0,4,0,0
18/3/2025 0:00,CH_OTA_BKG,385.2560976,69.34609756,1,0,0.18
18/3/2025 0:00,CH_OTA_EXP,1920.1,288.015,7,0,0.15
18/3/2025 0:00,CH_WHOLE,2574.69,0,6,0,0
19/3/2025 0:00,CH_OTA_EXP,826.43,123.9645,5,0,0.15
19/3/2025 0:00,CH_WHOLE,1334.37,0,3,0,0
20/3/2025 0:00,CH_OTA_BKG,789.6097561,142.1297561,2,0,0.18
20/3/2025 0:00,CH_OTA_EXP,551.09,82.6635,3,0,0.15
20/3/2025 0:00,CH_WHOLE,414.04,0,1,0,0
21/3/2025 0:00,CH_DIRECT,244.56,0,2,0,0
21/3/2025 0:00,CH_OTA_EXP,1454.37,218.1555,7,0,0.15
21/3/2025 0:00,CH_WHOLE,162.47,0,1,0,0
22/3/2025 0:00,CH_DIRECT,263.58,0,1,0,0
22/3/2025 0:00,CH_OTA_BKG,1568.98,282.4164,5,0,0.18
22/3/2025 0:00,CH_WHOLE,546.44,0,3,0,0
23/3/2025 0:00,CH_OTA_BKG,1807.650976,325.3771756,5,0,0.18
23/3/2025 0:00,CH_WHOLE,1420.28,0,3,0,0
24/3/2025 0:00,CH_OTA_EXP,1357.53,203.6295,6,0,0.15
25/3/2025 0:00,CH_DIRECT,764.9,0,3,0,0
25/3/2025 0:00,CH_OTA_BKG,771.7112195,138.9080195,4,0,0.18
25/3/2025 0:00,CH_WHOLE,266.92,0,2,0,0
26/3/2025 0:00,CH_OTA_BKG,1436.464146,258.5635463,3,0,0.18
26/3/2025 0:00,CH_OTA_EXP,916.94,137.541,2,0,0.15
27/3/2025 0:00,CH_DIRECT,1089.51,0,4,0,0
27/3/2025 0:00,CH_OTA_BKG,640.507561,115.291361,2,0,0.18
27/3/2025 0:00,CH_OTA_EXP,1178.49,176.7735,4,0,0.15
27/3/2025 0:00,CH_WHOLE,2038.58,0,6,0,0
28/3/2025 0:00,CH_DIRECT,456.61,0,1,0,0
28/3/2025 0:00,CH_OTA_EXP,1870.625882,280.5938824,6,0,0.15
29/3/2025 0:00,CH_OTA_BKG,1756.612927,316.1903268,5,0,0.18
29/3/2025 0:00,CH_OTA_EXP,1390.105882,208.5158824,3,0,0.15
29/3/2025 0:00,CH_WHOLE,459.25,0,2,0,0
30/3/2025 0:00,CH_DIRECT,183.06,0,1,0,0
30/3/2025 0:00,CH_OTA_BKG,408.73,73.5714,1,0,0.18
30/3/2025 0:00,CH_OTA_EXP,714.28,107.142,2,0,0.15
31/3/2025 0:00,CH_OTA_BKG,3657.92,658.4256,9,0,0.18
31/3/2025 0:00,CH_WHOLE,1994.3,0,6,0,0
1/4/2025 0:00,CH_DIRECT,863.11,0,3,2138,2.477088668
1/4/2025 0:00,CH_OTA_EXP,216.5,32.475,2,0,0.15
1/4/2025 0:00,CH_WHOLE,413.72,0,1,0,0
2/4/2025 0:00,CH_OTA_BKG,1259.561707,226.7211073,3,0,0.18
2/4/2025 0:00,CH_OTA_EXP,300.42,45.063,3,0,0.15
3/4/2025 0:00,CH_DIRECT,1292.16,0,5,0,0
3/4/2025 0:00,CH_WHOLE,1241.85,0,4,0,0
4/4/2025 0:00,CH_OTA_BKG,1561.810244,281.1258439,4,0,0.18
4/4/2025 0:00,CH_OTA_EXP,636.5411765,95.48117647,2,0,0.15
5/4/2025 0:00,CH_DIRECT,581.05,0,2,0,0
5/4/2025 0:00,CH_WHOLE,81.49,0,1,0,0
6/4/2025 0:00,CH_DIRECT,1030.09,0,3,0,0
6/4/2025 0:00,CH_OTA_BKG,629.9870732,113.3976732,3,0,0.18
6/4/2025 0:00,CH_WHOLE,345,0,2,0,0
7/4/2025 0:00,CH_DIRECT,179.33,0,1,0,0
7/4/2025 0:00,CH_OTA_EXP,310.56,46.584,1,0,0.15
7/4/2025 0:00,CH_WHOLE,2252.17,0,7,0,0
8/4/2025 0:00,CH_DIRECT,175.01,0,1,0,0
8/4/2025 0:00,CH_OTA_BKG,784.68,141.2424,3,0,0.18
8/4/2025 0:00,CH_WHOLE,1292.11,0,3,0,0
9/4/2025 0:00,CH_OTA_BKG,1721.237317,309.8227171,4,0,0.18
9/4/2025 0:00,CH_OTA_EXP,503.44,75.516,2,0,0.15
10/4/2025 0:00,CH_DIRECT,766.85,0,3,0,0
10/4/2025 0:00,CH_OTA_EXP,127.96,19.194,1,0,0.15
10/4/2025 0:00,CH_WHOLE,198.47,0,2,0,0
11/4/2025 0:00,CH_DIRECT,1538.77,0,4,0,0
11/4/2025 0:00,CH_OTA_BKG,231.49,41.6682,1,0,0.18
11/4/2025 0:00,CH_WHOLE,1024.7,0,4,0,0
12/4/2025 0:00,CH_DIRECT,1032.96,0,4,0,0
12/4/2025 0:00,CH_OTA_EXP,1565.39,234.8085,5,0,0.15
12/4/2025 0:00,CH_WHOLE,1104.48,0,4,0,0
13/4/2025 0:00,CH_OTA_BKG,861.5439024,155.0779024,3,0,0.18
13/4/2025 0:00,CH_OTA_EXP,792.82,118.923,4,0,0.15
13/4/2025 0:00,CH_WHOLE,1462.32,0,5,0,0
14/4/2025 0:00,CH_DIRECT,963.48,0,2,0,0
14/4/2025 0:00,CH_OTA_BKG,679.13,122.2434,3,0,0.18
14/4/2025 0:00,CH_OTA_EXP,2282.266471,342.3399706,6,0,0.15
15/4/2025 0:00,CH_DIRECT,739.22,0,5,0,0
15/4/2025 0:00,CH_OTA_BKG,649.8470732,116.9724732,3,0,0.18
15/4/2025 0:00,CH_WHOLE,1769.91,0,7,0,0
16/4/2025 0:00,CH_DIRECT,1195.7,0,3,0,0
16/4/2025 0:00,CH_OTA_BKG,780.37,140.4666,2,0,0.18
16/4/2025 0:00,CH_OTA_EXP,158.19,23.7285,1,0,0.15
16/4/2025 0:00,CH_WHOLE,463.11,0,1,0,0
17/4/2025 0:00,CH_OTA_BKG,2118.09,381.2562,6,0,0.18
17/4/2025 0:00,CH_OTA_EXP,743.36,111.504,2,0,0.15
17/4/2025 0:00,CH_WHOLE,917.17,0,3,0,0
18/4/2025 0:00,CH_OTA_EXP,497.06,74.559,4,0,0.15
19/4/2025 0:00,CH_DIRECT,2200.92,0,6,0,0
19/4/2025 0:00,CH_OTA_BKG,2127.4,382.932,7,0,0.18
19/4/2025 0:00,CH_OTA_EXP,154.1647059,23.12470588,1,0,0.15
19/4/2025 0:00,CH_WHOLE,351.62,0,1,0,0
20/4/2025 0:00,CH_OTA_BKG,642.07,115.5726,2,0,0.18
20/4/2025 0:00,CH_OTA_EXP,2795.99,419.3985,9,0,0.15
20/4/2025 0:00,CH_WHOLE,1471.99,0,3,0,0
21/4/2025 0:00,CH_DIRECT,978.93,0,4,4483,4.579489851
21/4/2025 0:00,CH_OTA_BKG,1122.652927,202.0775268,3,0,0.18
21/4/2025 0:00,CH_OTA_EXP,89.23,13.3845,1,0,0.15
22/4/2025 0:00,CH_DIRECT,426.42,0,3,0,0
22/4/2025 0:00,CH_OTA_BKG,1709.663659,307.7394585,4,0,0.18
22/4/2025 0:00,CH_OTA_EXP,330.9176471,49.63764706,2,0,0.15
22/4/2025 0:00,CH_WHOLE,1253.79,0,3,0,0
23/4/2025 0:00,CH_DIRECT,1041.75,0,4,0,0
23/4/2025 0:00,CH_OTA_BKG,230.46,41.4828,1,0,0.18
23/4/2025 0:00,CH_WHOLE,576.79,0,2,0,0
24/4/2025 0:00,CH_DIRECT,879.45,0,3,0,0
24/4/2025 0:00,CH_WHOLE,464.05,0,3,0,0
25/4/2025 0:00,CH_DIRECT,435.26,0,1,1887,4.335339797
25/4/2025 0:00,CH_OTA_BKG,903.03,162.5454,2,0,0.18
25/4/2025 0:00,CH_OTA_EXP,464.6582353,69.69873529,2,0,0.15
26/4/2025 0:00,CH_WHOLE,971.63,0,3,0,0
27/4/2025 0:00,CH_DIRECT,301.23,0,1,0,0
27/4/2025 0:00,CH_OTA_EXP,1575.507647,236.3261471,6,0,0.15
27/4/2025 0:00,CH_WHOLE,287.22,0,3,0,0
28/4/2025 0:00,CH_DIRECT,1248.06,0,3,4410,3.533483967
28/4/2025 0:00,CH_OTA_BKG,624.62,112.4316,2,0,0.18
29/4/2025 0:00,CH_DIRECT,2710.46,0,7,0,0
29/4/2025 0:00,CH_OTA_BKG,1817.317317,327.1171171,5,0,0.18
29/4/2025 0:00,CH_OTA_EXP,390.95,58.6425,1,0,0.15
30/4/2025 0:00,CH_DIRECT,729.46,0,3,4916,6.73923176
30/4/2025 0:00,CH_OTA_EXP,1445.945882,216.8918824,4,0,0.15
1/5/2025 0:00,CH_DIRECT,224.11,0,1,0,0
1/5/2025 0:00,CH_OTA_BKG,1537.525122,276.754522,6,0,0.18
1/5/2025 0:00,CH_WHOLE,1632.33,0,4,0,0
2/5/2025 0:00,CH_DIRECT,378.19,0,1,0,0
2/5/2025 0:00,CH_OTA_BKG,1177.41,211.9338,3,0,0.18
2/5/2025 0:00,CH_OTA_EXP,525.48,78.822,3,0,0.15
2/5/2025 0:00,CH_WHOLE,1992.64,0,6,0,0
3/5/2025 0:00,CH_DIRECT,267.13,0,1,0,0
3/5/2025 0:00,CH_OTA_BKG,486.42,87.5556,1,0,0.18
3/5/2025 0:00,CH_OTA_EXP,1487.14,223.071,4,0,0.15
3/5/2025 0:00,CH_WHOLE,372.69,0,1,0,0
4/5/2025 0:00,CH_DIRECT,1648.94,0,5,0,0
4/5/2025 0:00,CH_OTA_BKG,228.412439,41.11423902,2,0,0.18
4/5/2025 0:00,CH_OTA_EXP,2026.437059,303.9655588,10,0,0.15
5/5/2025 0:00,CH_DIRECT,471.41,0,1,0,0
5/5/2025 0:00,CH_OTA_EXP,953.22,142.983,3,0,0.15
5/5/2025 0:00,CH_WHOLE,453.45,0,1,0,0
6/5/2025 0:00,CH_DIRECT,1393.2,0,3,0,0
6/5/2025 0:00,CH_OTA_BKG,1045.76,188.2368,3,0,0.18
6/5/2025 0:00,CH_OTA_EXP,1648.82,247.323,7,0,0.15
6/5/2025 0:00,CH_WHOLE,802.45,0,2,0,0
7/5/2025 0:00,CH_DIRECT,1102.74,0,3,0,0
7/5/2025 0:00,CH_OTA_BKG,1605.219512,288.9395122,3,0,0.18
7/5/2025 0:00,CH_OTA_EXP,1653.611765,248.0417647,3,0,0.15
7/5/2025 0:00,CH_WHOLE,1776.17,0,5,0,0
8/5/2025 0:00,CH_OTA_BKG,2754.829268,495.8692683,6,0,0.18
8/5/2025 0:00,CH_OTA_EXP,548.08,82.212,2,0,0.15
8/5/2025 0:00,CH_WHOLE,1402.85,0,5,0,0
9/5/2025 0:00,CH_DIRECT,150.1,0,1,0,0
9/5/2025 0:00,CH_OTA_EXP,206.74,31.011,1,0,0.15
9/5/2025 0:00,CH_WHOLE,2173.2,0,5,0,0
10/5/2025 0:00,CH_DIRECT,808.73,0,2,0,0
10/5/2025 0:00,CH_OTA_EXP,1094.89,164.2335,5,0,0.15
10/5/2025 0:00,CH_WHOLE,330.86,0,1,0,0
11/5/2025 0:00,CH_DIRECT,613.88,0,2,0,0
11/5/2025 0:00,CH_OTA_BKG,1159.914634,208.7846341,3,0,0.18
11/5/2025 0:00,CH_OTA_EXP,668.82,100.323,3,0,0.15
11/5/2025 0:00,CH_WHOLE,1308.74,0,4,0,0
12/5/2025 0:00,CH_OTA_EXP,1676.818824,251.5228235,5,0,0.15
12/5/2025 0:00,CH_WHOLE,343.41,0,2,0,0
13/5/2025 0:00,CH_OTA_EXP,585.7229412,87.85844118,4,0,0.15
13/5/2025 0:00,CH_WHOLE,107.42,0,1,0,0
14/5/2025 0:00,CH_DIRECT,1583.6,0,6,0,0
14/5/2025 0:00,CH_OTA_BKG,1100.89,198.1602,4,0,0.18
14/5/2025 0:00,CH_OTA_EXP,376.59,56.4885,1,0,0.15
14/5/2025 0:00,CH_WHOLE,1022.25,0,4,0,0
15/5/2025 0:00,CH_WHOLE,92.13,0,1,0,0
16/5/2025 0:00,CH_DIRECT,1279.18,0,3,0,0
16/5/2025 0:00,CH_OTA_BKG,179.45,32.301,2,0,0.18
17/5/2025 0:00,CH_OTA_BKG,379.4756098,68.30560976,1,0,0.18
17/5/2025 0:00,CH_OTA_EXP,981.36,147.204,3,0,0.15
18/5/2025 0:00,CH_DIRECT,1133.16,0,4,3829,3.379046207
18/5/2025 0:00,CH_OTA_BKG,1747.84,314.6112,6,0,0.18
18/5/2025 0:00,CH_OTA_EXP,144.49,21.6735,1,0,0.15
19/5/2025 0:00,CH_DIRECT,965.09,0,2,0,0
19/5/2025 0:00,CH_OTA_EXP,861.34,129.201,5,0,0.15
19/5/2025 0:00,CH_WHOLE,509.69,0,2,0,0
20/5/2025 0:00,CH_DIRECT,2407.2,0,7,0,0
20/5/2025 0:00,CH_WHOLE,445.32,0,3,0,0
21/5/2025 0:00,CH_DIRECT,1685.8,0,4,0,0
21/5/2025 0:00,CH_WHOLE,622.49,0,2,0,0
22/5/2025 0:00,CH_DIRECT,1168.39,0,3,0,0
22/5/2025 0:00,CH_OTA_EXP,901.9582353,135.2937353,3,0,0.15
22/5/2025 0:00,CH_WHOLE,2093.35,0,5,0,0
23/5/2025 0:00,CH_DIRECT,2161.62,0,8,0,0
24/5/2025 0:00,CH_DIRECT,1709.47,0,6,0,0
24/5/2025 0:00,CH_OTA_BKG,850.31,153.0558,5,0,0.18
24/5/2025 0:00,CH_WHOLE,2360.69,0,7,0,0
25/5/2025 0:00,CH_OTA_BKG,1996.175854,359.3116537,5,0,0.18
25/5/2025 0:00,CH_OTA_EXP,1038.23,155.7345,5,0,0.15
25/5/2025 0:00,CH_WHOLE,825.94,0,6,0,0
26/5/2025 0:00,CH_DIRECT,1392.95,0,5,0,0
26/5/2025 0:00,CH_OTA_BKG,2143.321707,385.7979073,7,0,0.18
26/5/2025 0:00,CH_WHOLE,1778.43,0,6,0,0
27/5/2025 0:00,CH_OTA_BKG,1017.28,183.1104,3,0,0.18
27/5/2025 0:00,CH_OTA_EXP,2647.713529,397.1570294,8,0,0.15
27/5/2025 0:00,CH_WHOLE,1069.97,0,3,0,0
28/5/2025 0:00,CH_OTA_BKG,766,137.88,2,0,0.18
28/5/2025 0:00,CH_OTA_EXP,2565.852941,384.8779412,6,0,0.15
29/5/2025 0:00,CH_DIRECT,1747.32,0,7,0,0
29/5/2025 0:00,CH_WHOLE,177.7,0,2,0,0
30/5/2025 0:00,CH_DIRECT,185.81,0,1,0,0
30/5/2025 0:00,CH_OTA_BKG,423.79,76.2822,1,0,0.18
31/5/2025 0:00,CH_DIRECT,2133.37,0,6,0,0
31/5/2025 0:00,CH_OTA_BKG,903.09,162.5562,2,0,0.18
31/5/2025 0:00,CH_OTA_EXP,1953.952941,293.0929412,7,0,0.15
1/6/2025 0:00,CH_DIRECT,979.83,0,3,0,0
1/6/2025 0:00,CH_OTA_BKG,325.71,58.6278,2,0,0.18
1/6/2025 0:00,CH_OTA_EXP,504.62,75.693,2,0,0.15
1/6/2025 0:00,CH_WHOLE,1117.32,0,3,0,0
2/6/2025 0:00,CH_OTA_BKG,338.4268293,60.91682927,1,0,0.18
3/6/2025 0:00,CH_DIRECT,1248.44,0,3,0,0
3/6/2025 0:00,CH_OTA_BKG,1547.25,278.505,7,0,0.18
3/6/2025 0:00,CH_OTA_EXP,414.82,62.223,3,0,0.15
3/6/2025 0:00,CH_WHOLE,472.44,0,1,0,0
4/6/2025 0:00,CH_DIRECT,1753.54,0,5,1555,0.886777604
4/6/2025 0:00,CH_WHOLE,142.42,0,1,0,0
5/6/2025 0:00,CH_DIRECT,496.23,0,1,0,0
5/6/2025 0:00,CH_OTA_EXP,1318.041765,197.7062647,4,0,0.15
5/6/2025 0:00,CH_WHOLE,772.12,0,2,0,0
6/6/2025 0:00,CH_OTA_BKG,1340.370488,241.2666878,4,0,0.18
6/6/2025 0:00,CH_OTA_EXP,860.61,129.0915,2,0,0.15
7/6/2025 0:00,CH_DIRECT,1141.07,0,5,4654,4.078627954
7/6/2025 0:00,CH_WHOLE,2213.47,0,10,0,0
8/6/2025 0:00,CH_DIRECT,1530.76,0,4,0,0
8/6/2025 0:00,CH_OTA_EXP,566.1647059,84.92470588,1,0,0.15
9/6/2025 0:00,CH_DIRECT,932.59,0,3,0,0
9/6/2025 0:00,CH_OTA_EXP,1421.02,213.153,5,0,0.15
9/6/2025 0:00,CH_WHOLE,143.39,0,1,0,0
10/6/2025 0:00,CH_DIRECT,236.75,0,2,0,0
10/6/2025 0:00,CH_OTA_EXP,1171.03,175.6545,4,0,0.15
10/6/2025 0:00,CH_WHOLE,392.88,0,1,0,0
11/6/2025 0:00,CH_DIRECT,1155.44,0,3,0,0
11/6/2025 0:00,CH_WHOLE,377.02,0,1,0,0
12/6/2025 0:00,CH_DIRECT,468.06,0,2,2239,4.783574755
12/6/2025 0:00,CH_OTA_BKG,865.93,155.8674,2,0,0.18
12/6/2025 0:00,CH_OTA_EXP,1646.57,246.9855,4,0,0.15
13/6/2025 0:00,CH_OTA_BKG,750.1,135.018,3,0,0.18
13/6/2025 0:00,CH_OTA_EXP,1648.954118,247.3431176,4,0,0.15
13/6/2025 0:00,CH_WHOLE,336.12,0,3,0,0
14/6/2025 0:00,CH_WHOLE,767.95,0,3,0,0
15/6/2025 0:00,CH_DIRECT,1017.31,0,4,2344,2.304115756
15/6/2025 0:00,CH_OTA_BKG,3964.101951,713.5383512,11,0,0.18
15/6/2025 0:00,CH_OTA_EXP,869.0235294,130.3535294,4,0,0.15
16/6/2025 0:00,CH_DIRECT,1922.21,0,5,0,0
16/6/2025 0:00,CH_OTA_BKG,350.02,63.0036,1,0,0.18
16/6/2025 0:00,CH_WHOLE,344.3,0,2,0,0
17/6/2025 0:00,CH_DIRECT,1538.32,0,4,0,0
17/6/2025 0:00,CH_OTA_EXP,802.21,120.3315,2,0,0.15
17/6/2025 0:00,CH_WHOLE,395.14,0,1,0,0
18/6/2025 0:00,CH_DIRECT,273.6,0,1,0,0
19/6/2025 0:00,CH_DIRECT,1983.28,0,6,0,0
19/6/2025 0:00,CH_OTA_EXP,831.71,124.7565,4,0,0.15
19/6/2025 0:00,CH_WHOLE,2312.93,0,6,0,0
20/6/2025 0:00,CH_DIRECT,2188.21,0,5,0,0
20/6/2025 0:00,CH_OTA_BKG,628.16,113.0688,3,0,0.18
20/6/2025 0:00,CH_OTA_EXP,1321.567647,198.2351471,6,0,0.15
20/6/2025 0:00,CH_WHOLE,1073.56,0,5,0,0
21/6/2025 0:00,CH_DIRECT,573.14,0,3,0,0
21/6/2025 0:00,CH_OTA_BKG,1627.73,292.9914,6,0,0.18
21/6/2025 0:00,CH_WHOLE,301.51,0,3,0,0
22/6/2025 0:00,CH_DIRECT,353.28,0,1,0,0
22/6/2025 0:00,CH_OTA_BKG,1524.462927,274.4033268,6,0,0.18
22/6/2025 0:00,CH_WHOLE,567.8,0,3,0,0
23/6/2025 0:00,CH_DIRECT,593.11,0,3,0,0
23/6/2025 0:00,CH_WHOLE,197.7,0,2,0,0
24/6/2025 0:00,CH_OTA_BKG,1094.97,197.0946,4,0,0.18
24/6/2025 0:00,CH_OTA_EXP,155.12,23.268,1,0,0.15
24/6/2025 0:00,CH_WHOLE,658.43,0,2,0,0
25/6/2025 0:00,CH_OTA_BKG,1508.98,271.6164,7,0,0.18
25/6/2025 0:00,CH_OTA_EXP,2623.791176,393.5686765,5,0,0.15
25/6/2025 0:00,CH_WHOLE,731.03,0,4,0,0
26/6/2025 0:00,CH_OTA_BKG,677.76,121.9968,3,0,0.18
26/6/2025 0:00,CH_OTA_EXP,1735.671176,260.3506765,6,0,0.15
27/6/2025 0:00,CH_DIRECT,1187.92,0,4,0,0
27/6/2025 0:00,CH_OTA_BKG,386.93,69.6474,1,0,0.18
27/6/2025 0:00,CH_OTA_EXP,918.8664706,137.8299706,3,0,0.15
28/6/2025 0:00,CH_DIRECT,634.01,0,3,0,0
28/6/2025 0:00,CH_OTA_BKG,1321.83,237.9294,3,0,0.18
29/6/2025 0:00,CH_OTA_BKG,1065.1,191.718,4,0,0.18
29/6/2025 0:00,CH_OTA_EXP,267.4823529,40.12235294,1,0,0.15
30/6/2025 0:00,CH_DIRECT,597.13,0,3,4719,7.902801735
30/6/2025 0:00,CH_OTA_BKG,471.0243902,84.78439024,3,0,0.18
30/6/2025 0:00,CH_WHOLE,1812.1,0,8,0,0
1/7/2025 0:00,CH_DIRECT,126.61,0,1,0,0
1/7/2025 0:00,CH_OTA_BKG,572.6,103.068,3,0,0.18
1/7/2025 0:00,CH_OTA_EXP,667.5058824,100.1258824,4,0,0.15
2/7/2025 0:00,CH_OTA_BKG,410.1585366,73.82853659,1,0,0.18
2/7/2025 0:00,CH_WHOLE,138.68,0,1,0,0
3/7/2025 0:00,CH_OTA_BKG,1262.924878,227.326478,6,0,0.18
3/7/2025 0:00,CH_OTA_EXP,1612.092353,241.8138529,5,0,0.15
3/7/2025 0:00,CH_WHOLE,368.54,0,2,0,0
4/7/2025 0:00,CH_OTA_BKG,2041.791707,367.5225073,9,0,0.18
4/7/2025 0:00,CH_OTA_EXP,507.8941176,76.18411765,2,0,0.15
5/7/2025 0:00,CH_OTA_BKG,242.95,43.731,2,0,0.18
5/7/2025 0:00,CH_OTA_EXP,1742.709412,261.4064118,4,0,0.15
5/7/2025 0:00,CH_WHOLE,2203.7,0,8,0,0
6/7/2025 0:00,CH_OTA_BKG,1544.036585,277.9265854,3,0,0.18
6/7/2025 0:00,CH_OTA_EXP,445.88,66.882,2,0,0.15
7/7/2025 0:00,CH_DIRECT,199.42,0,1,0,0
7/7/2025 0:00,CH_OTA_BKG,3275.665854,589.6198537,8,0,0.18
7/7/2025 0:00,CH_WHOLE,535.67,0,2,0,0
8/7/2025 0:00,CH_OTA_BKG,1735.240732,312.3433317,6,0,0.18
8/7/2025 0:00,CH_OTA_EXP,740.61,111.0915,3,0,0.15
8/7/2025 0:00,CH_WHOLE,1066.52,0,4,0,0
9/7/2025 0:00,CH_DIRECT,499.54,0,2,0,0
9/7/2025 0:00,CH_OTA_EXP,1356.223529,203.4335294,3,0,0.15
9/7/2025 0:00,CH_WHOLE,1949.75,0,10,0,0
10/7/2025 0:00,CH_DIRECT,260.94,0,1,0,0
10/7/2025 0:00,CH_OTA_EXP,1501.091176,225.1636765,6,0,0.15
10/7/2025 0:00,CH_WHOLE,483.72,0,1,0,0
11/7/2025 0:00,CH_DIRECT,1175.22,0,4,777,0.661152805
11/7/2025 0:00,CH_OTA_EXP,1310.16,196.524,4,0,0.15
12/7/2025 0:00,CH_DIRECT,400.98,0,4,1885,4.700982593
12/7/2025 0:00,CH_OTA_BKG,104.33,18.7794,1,0,0.18
13/7/2025 0:00,CH_DIRECT,1726.76,0,4,0,0
13/7/2025 0:00,CH_OTA_BKG,983.31,176.9958,2,0,0.18
13/7/2025 0:00,CH_WHOLE,85.37,0,1,0,0
14/7/2025 0:00,CH_WHOLE,1347.71,0,4,0,0
15/7/2025 0:00,CH_OTA_BKG,261.7,47.106,2,0,0.18
15/7/2025 0:00,CH_OTA_EXP,440.35,66.0525,1,0,0.15
15/7/2025 0:00,CH_WHOLE,1776.95,0,4,0,0
16/7/2025 0:00,CH_OTA_BKG,360.49,64.8882,3,0,0.18
17/7/2025 0:00,CH_DIRECT,194.63,0,1,0,0
17/7/2025 0:00,CH_OTA_BKG,1847.05,332.469,5,0,0.18
18/7/2025 0:00,CH_DIRECT,393.95,0,3,0,0
18/7/2025 0:00,CH_OTA_BKG,319.23,57.4614,2,0,0.18
18/7/2025 0:00,CH_WHOLE,401.78,0,1,0,0
19/7/2025 0:00,CH_OTA_BKG,256.33,46.1394,2,0,0.18
19/7/2025 0:00,CH_OTA_EXP,998.48,149.772,3,0,0.15
19/7/2025 0:00,CH_WHOLE,793.83,0,2,0,0
20/7/2025 0:00,CH_DIRECT,1285.51,0,5,0,0
20/7/2025 0:00,CH_OTA_BKG,725.78,130.6404,2,0,0.18
20/7/2025 0:00,CH_OTA_EXP,646.34,96.951,2,0,0.15
20/7/2025 0:00,CH_WHOLE,1321.83,0,6,0,0
21/7/2025 0:00,CH_DIRECT,1238.91,0,3,0,0
21/7/2025 0:00,CH_OTA_BKG,479.4634146,86.30341463,3,0,0.18
22/7/2025 0:00,CH_DIRECT,179.24,0,1,0,0
22/7/2025 0:00,CH_OTA_BKG,310.53,55.8954,2,0,0.18
22/7/2025 0:00,CH_WHOLE,267.7,0,2,0,0
23/7/2025 0:00,CH_DIRECT,631.71,0,2,0,0
23/7/2025 0:00,CH_OTA_BKG,493.25,88.785,1,0,0.18
23/7/2025 0:00,CH_OTA_EXP,1011.897059,151.7845588,4,0,0.15
23/7/2025 0:00,CH_WHOLE,242.67,0,1,0,0
24/7/2025 0:00,CH_DIRECT,2075.09,0,8,0,0
24/7/2025 0:00,CH_OTA_BKG,1539.28561,277.0714098,6,0,0.18
24/7/2025 0:00,CH_OTA_EXP,1107.15,166.0725,3,0,0.15
24/7/2025 0:00,CH_WHOLE,239.57,0,1,0,0
25/7/2025 0:00,CH_DIRECT,569.03,0,3,0,0
25/7/2025 0:00,CH_OTA_BKG,307.1341463,55.28414634,2,0,0.18
25/7/2025 0:00,CH_OTA_EXP,2081.627647,312.2441471,5,0,0.15
26/7/2025 0:00,CH_DIRECT,409.26,0,1,0,0
26/7/2025 0:00,CH_OTA_EXP,798.0352941,119.7052941,3,0,0.15
26/7/2025 0:00,CH_WHOLE,388.63,0,2,0,0
27/7/2025 0:00,CH_OTA_EXP,861.71,129.2565,3,0,0.15
27/7/2025 0:00,CH_WHOLE,617.54,0,2,0,0
28/7/2025 0:00,CH_DIRECT,2918.54,0,10,2110,0.722964222
28/7/2025 0:00,CH_OTA_BKG,415.77,74.8386,4,0,0.18
28/7/2025 0:00,CH_OTA_EXP,467.28,70.092,1,0,0.15
29/7/2025 0:00,CH_DIRECT,368.93,0,1,0,0
29/7/2025 0:00,CH_OTA_BKG,1984.818049,357.2672488,5,0,0.18
29/7/2025 0:00,CH_OTA_EXP,479.76,71.964,2,0,0.15
29/7/2025 0:00,CH_WHOLE,1713.1,0,5,0,0
30/7/2025 0:00,CH_OTA_BKG,1310.865854,235.9558537,3,0,0.18
30/7/2025 0:00,CH_OTA_EXP,1200.38,180.057,3,0,0.15
30/7/2025 0:00,CH_WHOLE,1329.66,0,3,0,0
31/7/2025 0:00,CH_DIRECT,634.28,0,3,0,0
31/7/2025 0:00,CH_WHOLE,1735.59,0,5,0,0
1/8/2025 0:00,CH_DIRECT,333.1,0,1,0,0
1/8/2025 0:00,CH_OTA_EXP,1161.48,174.222,4,0,0.15
2/8/2025 0:00,CH_OTA_EXP,1460.8,219.12,4,0,0.15
2/8/2025 0:00,CH_WHOLE,1706.27,0,4,0,0
3/8/2025 0:00,CH_DIRECT,906.91,0,2,0,0
3/8/2025 0:00,CH_OTA_BKG,1465.134146,263.7241463,3,0,0.18
3/8/2025 0:00,CH_WHOLE,124.91,0,1,0,0
4/8/2025 0:00,CH_DIRECT,1388.67,0,7,0,0
4/8/2025 0:00,CH_OTA_EXP,586.4352941,87.96529412,2,0,0.15
5/8/2025 0:00,CH_DIRECT,3455.18,0,8,0,0
5/8/2025 0:00,CH_OTA_BKG,978.1341463,176.0641463,2,0,0.18
5/8/2025 0:00,CH_OTA_EXP,225.83,33.8745,2,0,0.15
5/8/2025 0:00,CH_WHOLE,468.15,0,1,0,0
6/8/2025 0:00,CH_OTA_EXP,373.9411765,56.09117647,2,0,0.15
7/8/2025 0:00,CH_OTA_BKG,1563.97,281.5146,5,0,0.18
7/8/2025 0:00,CH_WHOLE,1604.02,0,7,0,0
8/8/2025 0:00,CH_DIRECT,1782.1,0,6,0,0
8/8/2025 0:00,CH_OTA_BKG,2870.864878,516.755678,7,0,0.18
8/8/2025 0:00,CH_OTA_EXP,1008.31,151.2465,3,0,0.15
8/8/2025 0:00,CH_WHOLE,1013.67,0,3,0,0
9/8/2025 0:00,CH_OTA_EXP,295.9764706,44.39647059,1,0,0.15
9/8/2025 0:00,CH_WHOLE,1248.14,0,3,0,0
10/8/2025 0:00,CH_OTA_BKG,217.57,39.1626,1,0,0.18
10/8/2025 0:00,CH_OTA_EXP,279.69,41.9535,1,0,0.15
10/8/2025 0:00,CH_WHOLE,367.21,0,1,0,0
11/8/2025 0:00,CH_DIRECT,542.86,0,5,0,0
11/8/2025 0:00,CH_OTA_BKG,439.71,79.1478,1,0,0.18
11/8/2025 0:00,CH_OTA_EXP,963.9,144.585,2,0,0.15
12/8/2025 0:00,CH_DIRECT,443.38,0,2,0,0
12/8/2025 0:00,CH_OTA_BKG,570.62,102.7116,3,0,0.18
13/8/2025 0:00,CH_DIRECT,1459.45,0,5,0,0
13/8/2025 0:00,CH_OTA_EXP,2347.416471,352.1124706,6,0,0.15
14/8/2025 0:00,CH_DIRECT,608.78,0,3,0,0
14/8/2025 0:00,CH_OTA_EXP,618.8705882,92.83058824,3,0,0.15
15/8/2025 0:00,CH_DIRECT,953.63,0,2,0,0
15/8/2025 0:00,CH_OTA_BKG,704.2429268,126.7637268,2,0,0.18
16/8/2025 0:00,CH_OTA_BKG,1499.39,269.8902,5,0,0.18
16/8/2025 0:00,CH_OTA_EXP,1716.81,257.5215,5,0,0.15
16/8/2025 0:00,CH_WHOLE,2713.01,0,6,0,0
17/8/2025 0:00,CH_OTA_BKG,201.9,36.342,2,0,0.18
17/8/2025 0:00,CH_OTA_EXP,1682.328824,252.3493235,5,0,0.15
17/8/2025 0:00,CH_WHOLE,551.34,0,2,0,0
18/8/2025 0:00,CH_DIRECT,1406.71,0,6,3115,2.214386761
18/8/2025 0:00,CH_OTA_BKG,924.54,166.4172,2,0,0.18
18/8/2025 0:00,CH_OTA_EXP,2197.104118,329.5656176,6,0,0.15
18/8/2025 0:00,CH_WHOLE,1376.67,0,3,0,0
19/8/2025 0:00,CH_DIRECT,324.89,0,2,0,0
19/8/2025 0:00,CH_OTA_BKG,295.75,53.235,1,0,0.18
20/8/2025 0:00,CH_DIRECT,344.32,0,3,3291,9.557969331
20/8/2025 0:00,CH_WHOLE,409.78,0,2,0,0
21/8/2025 0:00,CH_OTA_BKG,935.9512195,168.4712195,3,0,0.18
21/8/2025 0:00,CH_WHOLE,1273.53,0,4,0,0
22/8/2025 0:00,CH_OTA_BKG,275.68,49.6224,1,0,0.18
22/8/2025 0:00,CH_OTA_EXP,877.7411765,131.6611765,3,0,0.15
23/8/2025 0:00,CH_DIRECT,676.74,0,6,0,0
23/8/2025 0:00,CH_OTA_BKG,794.22,142.9596,2,0,0.18
23/8/2025 0:00,CH_OTA_EXP,414.0552941,62.10829412,2,0,0.15
24/8/2025 0:00,CH_DIRECT,321.64,0,1,0,0
24/8/2025 0:00,CH_OTA_BKG,1232.68,221.8824,3,0,0.18
24/8/2025 0:00,CH_OTA_EXP,462.31,69.3465,2,0,0.15
24/8/2025 0:00,CH_WHOLE,1283.05,0,3,0,0
25/8/2025 0:00,CH_DIRECT,178.69,0,1,0,0
26/8/2025 0:00,CH_DIRECT,1289.08,0,4,0,0
26/8/2025 0:00,CH_OTA_EXP,760.53,114.0795,2,0,0.15
27/8/2025 0:00,CH_DIRECT,1189.45,0,5,0,0
27/8/2025 0:00,CH_OTA_BKG,1058.85,190.593,3,0,0.18
27/8/2025 0:00,CH_OTA_EXP,746.8935294,112.0340294,3,0,0.15
28/8/2025 0:00,CH_DIRECT,669.92,0,4,380,0.567231908
28/8/2025 0:00,CH_OTA_BKG,988.0731707,177.8531707,2,0,0.18
28/8/2025 0:00,CH_OTA_EXP,429.35,64.4025,2,0,0.15
28/8/2025 0:00,CH_WHOLE,1011.87,0,3,0,0
29/8/2025 0:00,CH_DIRECT,547.4,0,3,0,0
29/8/2025 0:00,CH_OTA_BKG,1230,221.4,4,0,0.18
29/8/2025 0:00,CH_OTA_EXP,906.52,135.978,2,0,0.15
29/8/2025 0:00,CH_WHOLE,545.82,0,3,0,0
30/8/2025 0:00,CH_DIRECT,382.28,0,1,0,0
30/8/2025 0:00,CH_OTA_EXP,310.01,46.5015,2,0,0.15
30/8/2025 0:00,CH_WHOLE,939.06,0,3,0,0
31/8/2025 0:00,CH_DIRECT,2631.67,0,6,0,0
31/8/2025 0:00,CH_OTA_BKG,279.1219512,50.24195122,1,0,0.18
1/9/2025 0:00,CH_DIRECT,1355.5,0,3,0,0
1/9/2025 0:00,CH_OTA_BKG,888.11,159.8598,4,0,0.18
2/9/2025 0:00,CH_OTA_BKG,183.47,33.0246,2,0,0.18
2/9/2025 0:00,CH_OTA_EXP,1599.82,239.973,6,0,0.15
3/9/2025 0:00,CH_DIRECT,453.36,0,1,0,0
3/9/2025 0:00,CH_OTA_BKG,876.3497561,157.7429561,2,0,0.18
3/9/2025 0:00,CH_WHOLE,678.54,0,2,0,0
4/9/2025 0:00,CH_DIRECT,520.61,0,3,0,0
4/9/2025 0:00,CH_OTA_BKG,2804.92,504.8856,7,0,0.18
4/9/2025 0:00,CH_OTA_EXP,761.4235294,114.2135294,3,0,0.15
5/9/2025 0:00,CH_OTA_BKG,1465.1,263.718,3,0,0.18
5/9/2025 0:00,CH_OTA_EXP,1006.59,150.9885,3,0,0.15
5/9/2025 0:00,CH_WHOLE,645.85,0,2,0,0
6/9/2025 0:00,CH_DIRECT,220.22,0,1,0,0
6/9/2025 0:00,CH_OTA_BKG,531.0243902,95.58439024,2,0,0.18
6/9/2025 0:00,CH_OTA_EXP,632.82,94.923,2,0,0.15
7/9/2025 0:00,CH_OTA_EXP,960.17,144.0255,3,0,0.15
7/9/2025 0:00,CH_WHOLE,891.24,0,2,0,0
8/9/2025 0:00,CH_DIRECT,1871.46,0,7,0,0
8/9/2025 0:00,CH_OTA_BKG,1268.08,228.2544,3,0,0.18
8/9/2025 0:00,CH_OTA_EXP,1343.065294,201.4597941,6,0,0.15
8/9/2025 0:00,CH_WHOLE,153.53,0,1,0,0
9/9/2025 0:00,CH_OTA_EXP,1358.44,203.766,4,0,0.15
9/9/2025 0:00,CH_WHOLE,728.12,0,3,0,0
10/9/2025 0:00,CH_DIRECT,520.23,0,3,0,0
10/9/2025 0:00,CH_OTA_BKG,712.19,128.1942,2,0,0.18
10/9/2025 0:00,CH_OTA_EXP,204.8,30.72,2,0,0.15
11/9/2025 0:00,CH_DIRECT,352.36,0,1,3978,11.28959019
11/9/2025 0:00,CH_OTA_BKG,3056.550488,550.1790878,9,0,0.18
11/9/2025 0:00,CH_OTA_EXP,1607.995294,241.1992941,4,0,0.15
12/9/2025 0:00,CH_DIRECT,744.08,0,3,0,0
12/9/2025 0:00,CH_OTA_BKG,340.1,61.218,1,0,0.18
12/9/2025 0:00,CH_OTA_EXP,2623.867059,393.5800588,7,0,0.15
12/9/2025 0:00,CH_WHOLE,2813.45,0,10,0,0
13/9/2025 0:00,CH_OTA_BKG,1176.08,211.6944,3,0,0.18
13/9/2025 0:00,CH_OTA_EXP,1101.917647,165.2876471,3,0,0.15
14/9/2025 0:00,CH_WHOLE,1417.21,0,3,0,0
15/9/2025 0:00,CH_DIRECT,486.61,0,1,0,0
15/9/2025 0:00,CH_OTA_EXP,213.53,32.0295,1,0,0.15
16/9/2025 0:00,CH_DIRECT,1734.87,0,5,0,0
16/9/2025 0:00,CH_OTA_BKG,2488.74,447.9732,8,0,0.18
16/9/2025 0:00,CH_WHOLE,1034.24,0,3,0,0
17/9/2025 0:00,CH_DIRECT,810.33,0,3,0,0
17/9/2025 0:00,CH_OTA_EXP,2255.8,338.37,5,0,0.15
17/9/2025 0:00,CH_WHOLE,975.52,0,4,0,0
18/9/2025 0:00,CH_WHOLE,160.16,0,2,0,0
19/9/2025 0:00,CH_OTA_BKG,434.81,78.2658,2,0,0.18
19/9/2025 0:00,CH_WHOLE,828.68,0,4,0,0
20/9/2025 0:00,CH_DIRECT,452.3,0,3,0,0
20/9/2025 0:00,CH_OTA_BKG,836.01,150.4818,4,0,0.18
20/9/2025 0:00,CH_OTA_EXP,1725.53,258.8295,6,0,0.15
21/9/2025 0:00,CH_OTA_BKG,2531.250976,455.6251756,8,0,0.18
21/9/2025 0:00,CH_OTA_EXP,324.96,48.744,1,0,0.15
22/9/2025 0:00,CH_DIRECT,577.04,0,3,0,0
22/9/2025 0:00,CH_OTA_EXP,1227.66,184.149,4,0,0.15
23/9/2025 0:00,CH_DIRECT,1078.41,0,3,0,0
23/9/2025 0:00,CH_OTA_BKG,1354.28,243.7704,4,0,0.18
23/9/2025 0:00,CH_OTA_EXP,1557.401765,233.6102647,7,0,0.15
23/9/2025 0:00,CH_WHOLE,2042.82,0,6,0,0
24/9/2025 0:00,CH_WHOLE,1490.69,0,3,0,0
25/9/2025 0:00,CH_DIRECT,1334.1,0,3,0,0
25/9/2025 0:00,CH_OTA_EXP,1374.77,206.2155,4,0,0.15
25/9/2025 0:00,CH_WHOLE,554.86,0,3,0,0
26/9/2025 0:00,CH_DIRECT,397.36,0,1,4074,10.25266761
26/9/2025 0:00,CH_OTA_BKG,1858.530976,334.5355756,5,0,0.18
26/9/2025 0:00,CH_OTA_EXP,3007.3,451.095,8,0,0.15
27/9/2025 0:00,CH_OTA_BKG,436.83,78.6294,1,0,0.18
27/9/2025 0:00,CH_OTA_EXP,1655.812353,248.3718529,7,0,0.15
27/9/2025 0:00,CH_WHOLE,386.79,0,1,0,0
28/9/2025 0:00,CH_OTA_BKG,1703.165854,306.5698537,5,0,0.18
28/9/2025 0:00,CH_WHOLE,2334.7,0,8,0,0
29/9/2025 0:00,CH_DIRECT,1446.22,0,3,0,0
29/9/2025 0:00,CH_OTA_BKG,827.01,148.8618,4,0,0.18
29/9/2025 0:00,CH_OTA_EXP,1266.89,190.0335,4,0,0.15
29/9/2025 0:00,CH_WHOLE,1427.64,0,3,0,0
30/9/2025 0:00,CH_OTA_BKG,575.7,103.626,4,0,0.18
1/10/2025 0:00,CH_DIRECT,1977.67,0,6,0,0
1/10/2025 0:00,CH_OTA_EXP,417.7,62.655,2,0,0.15
1/10/2025 0:00,CH_WHOLE,666.06,0,2,0,0
2/10/2025 0:00,CH_DIRECT,2007.38,0,6,0,0
2/10/2025 0:00,CH_OTA_BKG,519.74,93.5532,2,0,0.18
2/10/2025 0:00,CH_OTA_EXP,1675.417059,251.3125588,4,0,0.15
3/10/2025 0:00,CH_DIRECT,1085.83,0,3,0,0
3/10/2025 0:00,CH_OTA_BKG,618.95,111.411,2,0,0.18
3/10/2025 0:00,CH_WHOLE,529.89,0,3,0,0
4/10/2025 0:00,CH_OTA_EXP,1541.18,231.177,4,0,0.15
4/10/2025 0:00,CH_WHOLE,105.08,0,1,0,0
5/10/2025 0:00,CH_DIRECT,109.92,0,1,0,0
5/10/2025 0:00,CH_OTA_BKG,1708.211707,307.4781073,6,0,0.18
6/10/2025 0:00,CH_OTA_BKG,273.36,49.2048,2,0,0.18
6/10/2025 0:00,CH_WHOLE,506.95,0,3,0,0
7/10/2025 0:00,CH_DIRECT,1054.89,0,3,0,0
7/10/2025 0:00,CH_WHOLE,412.97,0,1,0,0
8/10/2025 0:00,CH_DIRECT,2086.99,0,5,0,0
8/10/2025 0:00,CH_OTA_BKG,1460.183415,262.8330146,3,0,0.18
8/10/2025 0:00,CH_OTA_EXP,157.59,23.6385,1,0,0.15
8/10/2025 0:00,CH_WHOLE,1955.09,0,5,0,0
9/10/2025 0:00,CH_DIRECT,1047.64,0,3,0,0
9/10/2025 0:00,CH_OTA_BKG,299.15,53.847,1,0,0.18
9/10/2025 0:00,CH_WHOLE,503.4,0,3,0,0
10/10/2025 0:00,CH_DIRECT,598.8,0,3,0,0
10/10/2025 0:00,CH_OTA_BKG,928.0965854,167.0573854,6,0,0.18
10/10/2025 0:00,CH_OTA_EXP,386.6,57.99,1,0,0.15
11/10/2025 0:00,CH_DIRECT,707.1,0,3,0,0
11/10/2025 0:00,CH_OTA_BKG,726.07,130.6926,3,0,0.18
11/10/2025 0:00,CH_WHOLE,1187.98,0,4,0,0
12/10/2025 0:00,CH_DIRECT,2559.08,0,7,0,0
12/10/2025 0:00,CH_OTA_BKG,1418.88,255.3984,3,0,0.18
12/10/2025 0:00,CH_OTA_EXP,970.8870588,145.6330588,4,0,0.15
13/10/2025 0:00,CH_DIRECT,2497.38,0,6,0,0
13/10/2025 0:00,CH_OTA_BKG,814.34,146.5812,2,0,0.18
13/10/2025 0:00,CH_OTA_EXP,1964.457647,294.6686471,6,0,0.15
13/10/2025 0:00,CH_WHOLE,1744.43,0,6,0,0
14/10/2025 0:00,CH_OTA_BKG,766.5439024,137.9779024,4,0,0.18
14/10/2025 0:00,CH_OTA_EXP,679.42,101.913,2,0,0.15
14/10/2025 0:00,CH_WHOLE,95.4,0,1,0,0
15/10/2025 0:00,CH_DIRECT,907.76,0,4,0,0
15/10/2025 0:00,CH_OTA_BKG,1137.16,204.6888,6,0,0.18
15/10/2025 0:00,CH_WHOLE,911.89,0,2,0,0
16/10/2025 0:00,CH_DIRECT,712.03,0,3,0,0
16/10/2025 0:00,CH_OTA_EXP,294.5176471,44.17764706,3,0,0.15
16/10/2025 0:00,CH_WHOLE,476.97,0,4,0,0
17/10/2025 0:00,CH_OTA_EXP,769.58,115.437,2,0,0.15
18/10/2025 0:00,CH_DIRECT,725.57,0,2,0,0
18/10/2025 0:00,CH_OTA_EXP,680.16,102.024,2,0,0.15
18/10/2025 0:00,CH_WHOLE,1446.82,0,5,0,0
19/10/2025 0:00,CH_OTA_BKG,697.34,125.5212,5,0,0.18
19/10/2025 0:00,CH_OTA_EXP,1998.101765,299.7152647,5,0,0.15
19/10/2025 0:00,CH_WHOLE,314.87,0,2,0,0
20/10/2025 0:00,CH_DIRECT,412.91,0,1,1616,3.913685791
21/10/2025 0:00,CH_DIRECT,637.58,0,3,0,0
21/10/2025 0:00,CH_OTA_BKG,862.9,155.322,3,0,0.18
21/10/2025 0:00,CH_OTA_EXP,331.15,49.6725,1,0,0.15
21/10/2025 0:00,CH_WHOLE,1294.86,0,4,0,0
22/10/2025 0:00,CH_DIRECT,1114.49,0,4,0,0
22/10/2025 0:00,CH_OTA_BKG,1123.563659,202.2414585,4,0,0.18
22/10/2025 0:00,CH_OTA_EXP,954,143.1,2,0,0.15
22/10/2025 0:00,CH_WHOLE,879.32,0,2,0,0
23/10/2025 0:00,CH_OTA_BKG,1229.243902,221.2639024,3,0,0.18
23/10/2025 0:00,CH_OTA_EXP,1405.44,210.816,3,0,0.15
24/10/2025 0:00,CH_OTA_BKG,787.49,141.7482,2,0,0.18
24/10/2025 0:00,CH_WHOLE,659.26,0,2,0,0
25/10/2025 0:00,CH_DIRECT,1304.63,0,3,0,0
25/10/2025 0:00,CH_OTA_BKG,1349.53,242.9154,3,0,0.18
25/10/2025 0:00,CH_OTA_EXP,1603.359412,240.5039118,4,0,0.15
25/10/2025 0:00,CH_WHOLE,465.65,0,2,0,0
26/10/2025 0:00,CH_OTA_BKG,1040.7,187.326,5,0,0.18
26/10/2025 0:00,CH_OTA_EXP,414.52,62.178,1,0,0.15
27/10/2025 0:00,CH_OTA_EXP,525.3411765,78.80117647,1,0,0.15
28/10/2025 0:00,CH_OTA_BKG,984.32,177.1776,3,0,0.18
28/10/2025 0:00,CH_OTA_EXP,774.3529412,116.1529412,2,0,0.15
28/10/2025 0:00,CH_WHOLE,197.05,0,1,0,0
29/10/2025 0:00,CH_DIRECT,1926.02,0,5,0,0
29/10/2025 0:00,CH_OTA_EXP,332.1764706,49.82647059,1,0,0.15
29/10/2025 0:00,CH_WHOLE,777.71,0,3,0,0
30/10/2025 0:00,CH_DIRECT,1345.89,0,5,2818,2.09378181
30/10/2025 0:00,CH_OTA_BKG,1325.253415,238.5456146,6,0,0.18
30/10/2025 0:00,CH_OTA_EXP,211.69,31.7535,1,0,0.15
30/10/2025 0:00,CH_WHOLE,1526.48,0,4,0,0
31/10/2025 0:00,CH_DIRECT,871.34,0,5,0,0
31/10/2025 0:00,CH_OTA_EXP,520.26,78.039,3,0,0.15
31/10/2025 0:00,CH_WHOLE,430.41,0,2,0,0
1/11/2025 0:00,CH_OTA_BKG,642.54,115.6572,3,0,0.18
1/11/2025 0:00,CH_OTA_EXP,752.5294118,112.8794118,3,0,0.15
1/11/2025 0:00,CH_WHOLE,699.65,0,2,0,0
2/11/2025 0:00,CH_DIRECT,441.86,0,1,0,0
2/11/2025 0:00,CH_OTA_BKG,719.27,129.4686,3,0,0.18
2/11/2025 0:00,CH_OTA_EXP,790.83,118.6245,4,0,0.15
2/11/2025 0:00,CH_WHOLE,1187.64,0,3,0,0
3/11/2025 0:00,CH_DIRECT,969.2,0,2,4225,4.359265374
3/11/2025 0:00,CH_WHOLE,1401.39,0,5,0,0
4/11/2025 0:00,CH_OTA_BKG,1165.582927,209.8049268,4,0,0.18
4/11/2025 0:00,CH_WHOLE,961.01,0,5,0,0
5/11/2025 0:00,CH_DIRECT,640.5,0,3,0,0
5/11/2025 0:00,CH_OTA_BKG,1384.91,249.2838,5,0,0.18
6/11/2025 0:00,CH_DIRECT,1292.9,0,6,0,0
6/11/2025 0:00,CH_OTA_BKG,461.39,83.0502,2,0,0.18
6/11/2025 0:00,CH_OTA_EXP,2240.811765,336.1217647,4,0,0.15
6/11/2025 0:00,CH_WHOLE,1163.03,0,5,0,0
7/11/2025 0:00,CH_DIRECT,717.74,0,4,0,0
7/11/2025 0:00,CH_OTA_EXP,254.38,38.157,1,0,0.15
7/11/2025 0:00,CH_WHOLE,1028.91,0,3,0,0
8/11/2025 0:00,CH_OTA_BKG,452.65,81.477,1,0,0.18
9/11/2025 0:00,CH_DIRECT,1506.11,0,5,0,0
9/11/2025 0:00,CH_OTA_EXP,1286.04,192.906,4,0,0.15
9/11/2025 0:00,CH_WHOLE,335.57,0,2,0,0
10/11/2025 0:00,CH_DIRECT,2657.27,0,6,0,0
10/11/2025 0:00,CH_WHOLE,501.61,0,3,0,0
11/11/2025 0:00,CH_OTA_BKG,1433.16,257.9688,3,0,0.18
12/11/2025 0:00,CH_WHOLE,998.91,0,2,0,0
13/11/2025 0:00,CH_DIRECT,445.34,0,1,0,0
13/11/2025 0:00,CH_OTA_BKG,897.8321951,161.6097951,4,0,0.18
13/11/2025 0:00,CH_OTA_EXP,1007.52,151.128,4,0,0.15
13/11/2025 0:00,CH_WHOLE,1085.69,0,5,0,0
14/11/2025 0:00,CH_DIRECT,1503.09,0,5,0,0
14/11/2025 0:00,CH_OTA_BKG,724.95,130.491,2,0,0.18
14/11/2025 0:00,CH_OTA_EXP,1412.66,211.899,5,0,0.15
14/11/2025 0:00,CH_WHOLE,361.45,0,1,0,0
15/11/2025 0:00,CH_DIRECT,988.71,0,5,0,0
15/11/2025 0:00,CH_OTA_BKG,522.84,94.1112,2,0,0.18
15/11/2025 0:00,CH_WHOLE,2558.12,0,7,0,0
16/11/2025 0:00,CH_DIRECT,406.03,0,3,0,0
16/11/2025 0:00,CH_OTA_BKG,1606.29,289.1322,5,0,0.18
16/11/2025 0:00,CH_OTA_EXP,1007.058824,151.0588235,3,0,0.15
16/11/2025 0:00,CH_WHOLE,2790.07,0,8,0,0
17/11/2025 0:00,CH_OTA_BKG,556.69,100.2042,3,0,0.18
18/11/2025 0:00,CH_DIRECT,2153.31,0,5,0,0
18/11/2025 0:00,CH_OTA_BKG,1569.04878,282.4287805,6,0,0.18
18/11/2025 0:00,CH_WHOLE,891.88,0,4,0,0
19/11/2025 0:00,CH_DIRECT,947.72,0,3,0,0
19/11/2025 0:00,CH_OTA_BKG,674.34,121.3812,4,0,0.18
20/11/2025 0:00,CH_DIRECT,258.95,0,1,0,0
20/11/2025 0:00,CH_OTA_BKG,163.39,29.4102,1,0,0.18
21/11/2025 0:00,CH_OTA_BKG,494.89,89.0802,1,0,0.18
21/11/2025 0:00,CH_OTA_EXP,563.8117647,84.57176471,3,0,0.15
21/11/2025 0:00,CH_WHOLE,458.57,0,1,0,0
22/11/2025 0:00,CH_OTA_BKG,176.7,31.806,2,0,0.18
22/11/2025 0:00,CH_OTA_EXP,377.78,56.667,1,0,0.15
22/11/2025 0:00,CH_WHOLE,174.82,0,2,0,0
23/11/2025 0:00,CH_DIRECT,928.36,0,2,0,0
23/11/2025 0:00,CH_OTA_BKG,257.78,46.4004,2,0,0.18
23/11/2025 0:00,CH_WHOLE,1130.24,0,4,0,0
24/11/2025 0:00,CH_DIRECT,477.13,0,3,0,0
24/11/2025 0:00,CH_OTA_BKG,290.86,52.3548,1,0,0.18
24/11/2025 0:00,CH_WHOLE,618.08,0,3,0,0
25/11/2025 0:00,CH_OTA_BKG,2198.997805,395.8196049,9,0,0.18
25/11/2025 0:00,CH_OTA_EXP,785.2094118,117.7814118,5,0,0.15
25/11/2025 0:00,CH_WHOLE,105.28,0,1,0,0
26/11/2025 0:00,CH_WHOLE,1384.48,0,3,0,0
27/11/2025 0:00,CH_DIRECT,1679.4,0,5,0,0
27/11/2025 0:00,CH_OTA_BKG,1356.880976,244.2385756,3,0,0.18
27/11/2025 0:00,CH_OTA_EXP,1218.5,182.775,4,0,0.15
28/11/2025 0:00,CH_DIRECT,879.77,0,2,0,0
28/11/2025 0:00,CH_OTA_BKG,857.79,154.4022,2,0,0.18
28/11/2025 0:00,CH_OTA_EXP,879.11,131.8665,3,0,0.15
29/11/2025 0:00,CH_DIRECT,314.56,0,1,0,0
29/11/2025 0:00,CH_OTA_BKG,2142.836585,385.7105854,5,0,0.18
29/11/2025 0:00,CH_OTA_EXP,795.56,119.334,5,0,0.15
29/11/2025 0:00,CH_WHOLE,263.42,0,1,0,0
30/11/2025 0:00,CH_OTA_BKG,820.83,147.7494,3,0,0.18
30/11/2025 0:00,CH_WHOLE,334.19,0,2,0,0
1/12/2025 0:00,CH_WHOLE,217.32,0,2,0,0
2/12/2025 0:00,CH_DIRECT,591.39,0,4,0,0
2/12/2025 0:00,CH_OTA_BKG,663.2073171,119.3773171,2,0,0.18
2/12/2025 0:00,CH_OTA_EXP,242.31,36.3465,2,0,0.15
2/12/2025 0:00,CH_WHOLE,1248.07,0,5,0,0
3/12/2025 0:00,CH_OTA_BKG,715.7439024,128.8339024,2,0,0.18
3/12/2025 0:00,CH_WHOLE,1150.92,0,3,0,0
4/12/2025 0:00,CH_DIRECT,971.84,0,2,0,0
4/12/2025 0:00,CH_OTA_BKG,221.25,39.825,2,0,0.18
4/12/2025 0:00,CH_WHOLE,219.19,0,1,0,0
5/12/2025 0:00,CH_DIRECT,2814.17,0,8,0,0
5/12/2025 0:00,CH_OTA_BKG,477.77,85.9986,2,0,0.18
5/12/2025 0:00,CH_OTA_EXP,1169.129412,175.3694118,3,0,0.15
5/12/2025 0:00,CH_WHOLE,1721.44,0,4,0,0
6/12/2025 0:00,CH_DIRECT,1717.29,0,6,0,0
6/12/2025 0:00,CH_OTA_BKG,907.72,163.3896,4,0,0.18
6/12/2025 0:00,CH_OTA_EXP,1715.995882,257.3993824,7,0,0.15
6/12/2025 0:00,CH_WHOLE,1707.24,0,5,0,0
7/12/2025 0:00,CH_OTA_BKG,2736.92,492.6456,8,0,0.18
7/12/2025 0:00,CH_WHOLE,455.27,0,1,0,0
8/12/2025 0:00,CH_DIRECT,1386.41,0,3,0,0
8/12/2025 0:00,CH_OTA_BKG,1012.69,182.2842,6,0,0.18
8/12/2025 0:00,CH_OTA_EXP,245.09,36.7635,2,0,0.15
9/12/2025 0:00,CH_OTA_BKG,1675.34,301.5612,7,0,0.18
9/12/2025 0:00,CH_WHOLE,351.06,0,2,0,0
10/12/2025 0:00,CH_DIRECT,2610.66,0,7,0,0
10/12/2025 0:00,CH_OTA_EXP,248.56,37.284,1,0,0.15
11/12/2025 0:00,CH_DIRECT,935.04,0,3,0,0
11/12/2025 0:00,CH_OTA_BKG,1478.06,266.0508,3,0,0.18
11/12/2025 0:00,CH_OTA_EXP,295.72,44.358,1,0,0.15
11/12/2025 0:00,CH_WHOLE,124.79,0,1,0,0
12/12/2025 0:00,CH_DIRECT,1059.72,0,4,0,0
12/12/2025 0:00,CH_OTA_BKG,820.34,147.6612,2,0,0.18
12/12/2025 0:00,CH_WHOLE,1244.98,0,3,0,0
13/12/2025 0:00,CH_WHOLE,1254.98,0,4,0,0
14/12/2025 0:00,CH_DIRECT,1884.18,0,6,0,0
14/12/2025 0:00,CH_WHOLE,1836.87,0,6,0,0
15/12/2025 0:00,CH_DIRECT,2149.32,0,7,0,0
15/12/2025 0:00,CH_OTA_EXP,299.43,44.9145,1,0,0.15
16/12/2025 0:00,CH_OTA_BKG,513.66,92.4588,2,0,0.18
16/12/2025 0:00,CH_OTA_EXP,1413.541176,212.0311765,3,0,0.15
16/12/2025 0:00,CH_WHOLE,848.1,0,2,0,0
17/12/2025 0:00,CH_DIRECT,396.31,0,3,0,0
17/12/2025 0:00,CH_OTA_EXP,1774.929412,266.2394118,4,0,0.15
18/12/2025 0:00,CH_DIRECT,1969.28,0,5,3213,1.631560773
18/12/2025 0:00,CH_OTA_BKG,899.31,161.8758,2,0,0.18
18/12/2025 0:00,CH_OTA_EXP,396.2941176,59.44411765,2,0,0.15
18/12/2025 0:00,CH_WHOLE,1148.17,0,3,0,0
19/12/2025 0:00,CH_OTA_BKG,233.24,41.9832,2,0,0.18
19/12/2025 0:00,CH_OTA_EXP,1484.67,222.7005,3,0,0.15
19/12/2025 0:00,CH_WHOLE,157.28,0,1,0,0
20/12/2025 0:00,CH_OTA_BKG,267.95,48.231,1,0,0.18
20/12/2025 0:00,CH_OTA_EXP,923.54,138.531,3,0,0.15
21/12/2025 0:00,CH_OTA_BKG,900.7439024,162.1339024,2,0,0.18
21/12/2025 0:00,CH_WHOLE,1057.04,0,3,0,0
22/12/2025 0:00,CH_DIRECT,1480.29,0,5,3133,2.116477177
22/12/2025 0:00,CH_OTA_BKG,1403.36,252.6048,5,0,0.18
23/12/2025 0:00,CH_OTA_EXP,846.74,127.011,2,0,0.15
23/12/2025 0:00,CH_WHOLE,817.32,0,4,0,0
24/12/2025 0:00,CH_DIRECT,841.51,0,2,0,0
24/12/2025 0:00,CH_OTA_BKG,408.61,73.5498,3,0,0.18
24/12/2025 0:00,CH_OTA_EXP,1776.809412,266.5214118,5,0,0.15
24/12/2025 0:00,CH_WHOLE,546.94,0,3,0,0
25/12/2025 0:00,CH_OTA_BKG,227.9268293,41.02682927,1,0,0.18
25/12/2025 0:00,CH_OTA_EXP,468.4470588,70.26705882,1,0,0.15
25/12/2025 0:00,CH_WHOLE,461.11,0,1,0,0
26/12/2025 0:00,CH_OTA_BKG,791.52,142.4736,2,0,0.18
26/12/2025 0:00,CH_WHOLE,822.53,0,2,0,0
27/12/2025 0:00,CH_DIRECT,274.46,0,3,0,0
28/12/2025 0:00,CH_OTA_BKG,248.46,44.7228,1,0,0.18
28/12/2025 0:00,CH_OTA_EXP,428.24,64.236,3,0,0.15
29/12/2025 0:00,CH_DIRECT,299.61,0,1,4883,16.29785388
29/12/2025 0:00,CH_OTA_BKG,274.47,49.4046,1,0,0.18
29/12/2025 0:00,CH_OTA_EXP,518.53,77.7795,2,0,0.15
29/12/2025 0:00,CH_WHOLE,838.7,0,2,0,0
30/12/2025 0:00,CH_DIRECT,1290.89,0,4,0,0
30/12/2025 0:00,CH_OTA_EXP,807.27,121.0905,4,0,0.15
31/12/2025 0:00,CH_DIRECT,1045.07,0,3,0,0
31/12/2025 0:00,CH_OTA_BKG,363.84,65.4912,1,0,0.18
31/12/2025 0:00,CH_OTA_EXP,485.42,72.813,2,0,0.15
1/1/2026 0:00,CH_DIRECT,1332.25,0,6,0,0
1/1/2026 0:00,CH_OTA_BKG,798.02,143.6436,2,0,0.18
1/1/2026 0:00,CH_OTA_EXP,1217.281176,182.5921765,8,0,0.15
2/1/2026 0:00,CH_WHOLE,130.82,0,1,0,0
3/1/2026 0:00,CH_DIRECT,196.19,0,1,0,0
3/1/2026 0:00,CH_OTA_BKG,763,137.34,2,0,0.18
4/1/2026 0:00,CH_DIRECT,858.84,0,2,0,0
5/1/2026 0:00,CH_DIRECT,584.31,0,2,1742,2.981294176
5/1/2026 0:00,CH_OTA_EXP,771.37,115.7055,3,0,0.15
6/1/2026 0:00,CH_DIRECT,1733.61,0,6,0,0
6/1/2026 0:00,CH_OTA_BKG,1108.69,199.5642,3,0,0.18
6/1/2026 0:00,CH_OTA_EXP,126.82,19.023,1,0,0.15
6/1/2026 0:00,CH_WHOLE,165.49,0,1,0,0
7/1/2026 0:00,CH_DIRECT,876.26,0,4,0,0
7/1/2026 0:00,CH_OTA_BKG,660.67,118.9206,3,0,0.18
7/1/2026 0:00,CH_WHOLE,622.29,0,2,0,0
8/1/2026 0:00,CH_DIRECT,383.79,0,1,0,0
8/1/2026 0:00,CH_OTA_BKG,2973.586341,535.2455415,6,0,0.18
8/1/2026 0:00,CH_OTA_EXP,741.8,111.27,2,0,0.15
9/1/2026 0:00,CH_OTA_EXP,3357.134706,503.5702059,8,0,0.15
10/1/2026 0:00,CH_OTA_BKG,962.097561,173.177561,2,0,0.18
10/1/2026 0:00,CH_OTA_EXP,907.5176471,136.1276471,2,0,0.15
10/1/2026 0:00,CH_WHOLE,1176.39,0,3,0,0
11/1/2026 0:00,CH_DIRECT,546.82,0,2,0,0
11/1/2026 0:00,CH_OTA_BKG,859.0365854,154.6265854,3,0,0.18
11/1/2026 0:00,CH_OTA_EXP,463.63,69.5445,1,0,0.15
11/1/2026 0:00,CH_WHOLE,172.04,0,1,0,0
12/1/2026 0:00,CH_DIRECT,1870.55,0,6,0,0
12/1/2026 0:00,CH_OTA_BKG,780.67,140.5206,3,0,0.18
12/1/2026 0:00,CH_WHOLE,522.85,0,3,0,0
13/1/2026 0:00,CH_DIRECT,806.37,0,3,0,0
13/1/2026 0:00,CH_OTA_EXP,600.16,90.024,3,0,0.15
13/1/2026 0:00,CH_WHOLE,593.87,0,3,0,0
14/1/2026 0:00,CH_DIRECT,871.92,0,3,0,0
14/1/2026 0:00,CH_OTA_BKG,850.13,153.0234,2,0,0.18
14/1/2026 0:00,CH_WHOLE,613.14,0,3,0,0
15/1/2026 0:00,CH_DIRECT,2611.77,0,9,0,0
15/1/2026 0:00,CH_OTA_EXP,2615.932941,392.3899412,7,0,0.15
15/1/2026 0:00,CH_WHOLE,1025.76,0,4,0,0
16/1/2026 0:00,CH_DIRECT,1370.15,0,6,0,0
16/1/2026 0:00,CH_OTA_BKG,3013.52,542.4336,8,0,0.18
16/1/2026 0:00,CH_OTA_EXP,461.65,69.2475,3,0,0.15
16/1/2026 0:00,CH_WHOLE,1151.62,0,3,0,0
17/1/2026 0:00,CH_DIRECT,268.22,0,3,0,0
17/1/2026 0:00,CH_OTA_BKG,903.94,162.7092,3,0,0.18
17/1/2026 0:00,CH_WHOLE,434.13,0,3,0,0
18/1/2026 0:00,CH_DIRECT,2138.37,0,6,0,0
18/1/2026 0:00,CH_OTA_BKG,994.51,179.0118,2,0,0.18
18/1/2026 0:00,CH_WHOLE,1258.55,0,4,0,0
19/1/2026 0:00,CH_DIRECT,614.02,0,4,0,0
19/1/2026 0:00,CH_OTA_BKG,432.45,77.841,1,0,0.18
19/1/2026 0:00,CH_OTA_EXP,179.87,26.9805,1,0,0.15
19/1/2026 0:00,CH_WHOLE,581.13,0,3,0,0
20/1/2026 0:00,CH_DIRECT,2289.11,0,5,4658,2.034851973
20/1/2026 0:00,CH_OTA_BKG,1290.977805,232.3760049,5,0,0.18
20/1/2026 0:00,CH_OTA_EXP,154.96,23.244,1,0,0.15
20/1/2026 0:00,CH_WHOLE,451.24,0,2,0,0
21/1/2026 0:00,CH_OTA_BKG,1030.17,185.4306,4,0,0.18
21/1/2026 0:00,CH_WHOLE,204.23,0,2,0,0
22/1/2026 0:00,CH_DIRECT,606.41,0,3,0,0
22/1/2026 0:00,CH_OTA_BKG,1171.34,210.8412,3,0,0.18
22/1/2026 0:00,CH_OTA_EXP,1705.845882,255.8768824,4,0,0.15
22/1/2026 0:00,CH_WHOLE,572.94,0,3,0,0
23/1/2026 0:00,CH_DIRECT,949.26,0,3,0,0
23/1/2026 0:00,CH_OTA_BKG,343.38,61.8084,2,0,0.18
23/1/2026 0:00,CH_OTA_EXP,768.07,115.2105,3,0,0.15
24/1/2026 0:00,CH_OTA_BKG,870.4,156.672,4,0,0.18
24/1/2026 0:00,CH_OTA_EXP,264.68,39.702,2,0,0.15
24/1/2026 0:00,CH_WHOLE,171.4,0,1,0,0
25/1/2026 0:00,CH_DIRECT,1631.52,0,8,0,0
25/1/2026 0:00,CH_OTA_BKG,705.39,126.9702,3,0,0.18
25/1/2026 0:00,CH_OTA_EXP,1399.76,209.964,4,0,0.15
25/1/2026 0:00,CH_WHOLE,1265.29,0,5,0,0
26/1/2026 0:00,CH_OTA_BKG,562.934878,101.328278,2,0,0.18
26/1/2026 0:00,CH_OTA_EXP,998.59,149.7885,2,0,0.15
26/1/2026 0:00,CH_WHOLE,1677.27,0,5,0,0
27/1/2026 0:00,CH_DIRECT,2188.9,0,6,0,0
27/1/2026 0:00,CH_OTA_BKG,243.06,43.7508,2,0,0.18
27/1/2026 0:00,CH_OTA_EXP,1365.16,204.774,5,0,0.15
27/1/2026 0:00,CH_WHOLE,104.73,0,1,0,0
28/1/2026 0:00,CH_DIRECT,546.11,0,2,0,0
28/1/2026 0:00,CH_OTA_EXP,840.14,126.021,3,0,0.15
28/1/2026 0:00,CH_WHOLE,756.6,0,3,0,0
29/1/2026 0:00,CH_DIRECT,903.4,0,2,0,0
29/1/2026 0:00,CH_OTA_BKG,1290.39561,232.2712098,4,0,0.18
29/1/2026 0:00,CH_OTA_EXP,1019.411765,152.9117647,3,0,0.15
29/1/2026 0:00,CH_WHOLE,859.57,0,3,0,0
30/1/2026 0:00,CH_OTA_EXP,963.96,144.594,2,0,0.15
30/1/2026 0:00,CH_WHOLE,204.12,0,1,0,0
31/1/2026 0:00,CH_OTA_EXP,2451.744118,367.7616176,7,0,0.15
31/1/2026 0:00,CH_WHOLE,3801.03,0,14,0,0
1/2/2026 0:00,CH_DIRECT,1461.07,0,4,0,0
1/2/2026 0:00,CH_WHOLE,243.81,0,2,0,0
2/2/2026 0:00,CH_DIRECT,2008.69,0,6,0,0
2/2/2026 0:00,CH_OTA_BKG,418.32,75.2976,2,0,0.18
2/2/2026 0:00,CH_OTA_EXP,1034.83,155.2245,4,0,0.15
2/2/2026 0:00,CH_WHOLE,1893.36,0,8,0,0
3/2/2026 0:00,CH_DIRECT,1198.68,0,3,0,0
3/2/2026 0:00,CH_OTA_BKG,1326.987805,238.8578049,4,0,0.18
3/2/2026 0:00,CH_OTA_EXP,1762.512353,264.3768529,5,0,0.15
3/2/2026 0:00,CH_WHOLE,1457.86,0,3,0,0
4/2/2026 0:00,CH_DIRECT,1175.95,0,5,0,0
4/2/2026 0:00,CH_OTA_EXP,452.14,67.821,1,0,0.15
4/2/2026 0:00,CH_WHOLE,1682.33,0,4,0,0
5/2/2026 0:00,CH_DIRECT,728.92,0,2,0,0
5/2/2026 0:00,CH_OTA_BKG,2166.27,389.9286,7,0,0.18
5/2/2026 0:00,CH_OTA_EXP,1341.64,201.246,5,0,0.15
5/2/2026 0:00,CH_WHOLE,1141.4,0,3,0,0
6/2/2026 0:00,CH_DIRECT,1827.18,0,5,0,0
6/2/2026 0:00,CH_OTA_BKG,408.17,73.4706,3,0,0.18
6/2/2026 0:00,CH_OTA_EXP,1986.36,297.954,6,0,0.15
7/2/2026 0:00,CH_OTA_BKG,683.41,123.0138,3,0,0.18
7/2/2026 0:00,CH_OTA_EXP,1043.847059,156.5770588,2,0,0.15
8/2/2026 0:00,CH_DIRECT,136.46,0,1,988,7.240216913
8/2/2026 0:00,CH_OTA_BKG,493.72,88.8696,1,0,0.18
8/2/2026 0:00,CH_OTA_EXP,651.52,97.728,2,0,0.15
9/2/2026 0:00,CH_DIRECT,242.04,0,2,0,0
9/2/2026 0:00,CH_WHOLE,252.53,0,1,0,0
10/2/2026 0:00,CH_DIRECT,311.75,0,1,0,0
10/2/2026 0:00,CH_OTA_EXP,847.05,127.0575,4,0,0.15
10/2/2026 0:00,CH_WHOLE,441.18,0,2,0,0
11/2/2026 0:00,CH_OTA_BKG,159.91,28.7838,1,0,0.18
11/2/2026 0:00,CH_WHOLE,235.49,0,1,0,0
12/2/2026 0:00,CH_DIRECT,1484.51,0,6,0,0
12/2/2026 0:00,CH_OTA_BKG,260.58,46.9044,1,0,0.18
12/2/2026 0:00,CH_OTA_EXP,1378.614706,206.7922059,6,0,0.15
13/2/2026 0:00,CH_DIRECT,1006.32,0,4,0,0
13/2/2026 0:00,CH_OTA_BKG,1716.75,309.015,4,0,0.18
13/2/2026 0:00,CH_WHOLE,568.69,0,3,0,0
14/2/2026 0:00,CH_DIRECT,736.25,0,3,0,0
14/2/2026 0:00,CH_OTA_BKG,775.93,139.6674,3,0,0.18
14/2/2026 0:00,CH_OTA_EXP,624.13,93.6195,2,0,0.15
14/2/2026 0:00,CH_WHOLE,1182.94,0,3,0,0
15/2/2026 0:00,CH_DIRECT,422.39,0,3,0,0
15/2/2026 0:00,CH_OTA_BKG,317.5609756,57.16097561,2,0,0.18
15/2/2026 0:00,CH_OTA_EXP,694.6823529,104.2023529,2,0,0.15
16/2/2026 0:00,CH_DIRECT,1100.06,0,6,0,0
16/2/2026 0:00,CH_OTA_BKG,1570.39,282.6702,5,0,0.18
16/2/2026 0:00,CH_WHOLE,488.23,0,2,0,0
17/2/2026 0:00,CH_OTA_EXP,237.51,35.6265,2,0,0.15
17/2/2026 0:00,CH_WHOLE,1119.01,0,3,0,0
18/2/2026 0:00,CH_DIRECT,913.83,0,6,0,0
18/2/2026 0:00,CH_OTA_EXP,2313.274118,346.9911176,5,0,0.15
19/2/2026 0:00,CH_DIRECT,725.57,0,2,0,0
19/2/2026 0:00,CH_OTA_EXP,572.0117647,85.80176471,2,0,0.15
19/2/2026 0:00,CH_WHOLE,307.62,0,3,0,0
20/2/2026 0:00,CH_DIRECT,820.92,0,2,0,0
20/2/2026 0:00,CH_OTA_BKG,1408.574634,253.5434341,4,0,0.18
20/2/2026 0:00,CH_OTA_EXP,436.4,65.46,3,0,0.15
21/2/2026 0:00,CH_DIRECT,922.44,0,2,907,0.983261784
21/2/2026 0:00,CH_OTA_BKG,869.45,156.501,4,0,0.18
21/2/2026 0:00,CH_OTA_EXP,2098.12,314.718,5,0,0.15
21/2/2026 0:00,CH_WHOLE,553.49,0,2,0,0
22/2/2026 0:00,CH_OTA_BKG,1146.829268,206.4292683,2,0,0.18
23/2/2026 0:00,CH_DIRECT,1844.96,0,6,0,0
23/2/2026 0:00,CH_OTA_BKG,563.28,101.3904,3,0,0.18
23/2/2026 0:00,CH_WHOLE,942.06,0,3,0,0
24/2/2026 0:00,CH_OTA_BKG,1451.89,261.3402,4,0,0.18
24/2/2026 0:00,CH_OTA_EXP,82.26,12.339,1,0,0.15
25/2/2026 0:00,CH_OTA_BKG,234.28,42.1704,2,0,0.18
25/2/2026 0:00,CH_WHOLE,1625.72,0,5,0,0
26/2/2026 0:00,CH_DIRECT,594.9,0,4,0,0
26/2/2026 0:00,CH_OTA_BKG,1647.34,296.5212,4,0,0.18
27/2/2026 0:00,CH_DIRECT,101.79,0,1,0,0
27/2/2026 0:00,CH_OTA_BKG,899.4292683,161.8972683,4,0,0.18
27/2/2026 0:00,CH_OTA_EXP,2688.38,403.257,13,0,0.15
27/2/2026 0:00,CH_WHOLE,1191.12,0,4,0,0
28/2/2026 0:00,CH_DIRECT,1416.55,0,3,0,0
28/2/2026 0:00,CH_OTA_BKG,870.61,156.7098,2,0,0.18
28/2/2026 0:00,CH_OTA_EXP,644.1670588,96.62505882,3,0,0.15
28/2/2026 0:00,CH_WHOLE,1604.2,0,5,0,0
1/3/2026 0:00,CH_DIRECT,2090.89,0,6,0,0
1/3/2026 0:00,CH_OTA_BKG,2025.033659,364.5060585,6,0,0.18
1/3/2026 0:00,CH_OTA_EXP,1061.532353,159.2298529,3,0,0.15
1/3/2026 0:00,CH_WHOLE,1483.38,0,4,0,0
2/3/2026 0:00,CH_DIRECT,339.33,0,2,1720,5.068812071
2/3/2026 0:00,CH_OTA_EXP,938.5264706,140.7789706,4,0,0.15
2/3/2026 0:00,CH_WHOLE,3470.86,0,10,0,0
3/3/2026 0:00,CH_OTA_EXP,269.02,40.353,3,0,0.15
3/3/2026 0:00,CH_WHOLE,1794.94,0,5,0,0
4/3/2026 0:00,CH_DIRECT,84.87,0,1,0,0
4/3/2026 0:00,CH_OTA_BKG,722.07,129.9726,4,0,0.18
5/3/2026 0:00,CH_DIRECT,847.86,0,4,0,0
5/3/2026 0:00,CH_OTA_BKG,1744.531463,314.0156634,6,0,0.18
5/3/2026 0:00,CH_WHOLE,915.63,0,3,0,0
6/3/2026 0:00,CH_DIRECT,775.33,0,3,0,0
6/3/2026 0:00,CH_OTA_BKG,709.6819512,127.7427512,3,0,0.18
6/3/2026 0:00,CH_OTA_EXP,1259.87,188.9805,3,0,0.15
6/3/2026 0:00,CH_WHOLE,398.7,0,1,0,0
7/3/2026 0:00,CH_DIRECT,329.21,0,1,0,0
7/3/2026 0:00,CH_OTA_BKG,380.05,68.409,4,0,0.18
7/3/2026 0:00,CH_OTA_EXP,1035.057647,155.2586471,3,0,0.15
8/3/2026 0:00,CH_DIRECT,1191.55,0,5,460,0.386051781
8/3/2026 0:00,CH_OTA_BKG,874.51,157.4118,2,0,0.18
8/3/2026 0:00,CH_OTA_EXP,138.5,20.775,1,0,0.15
8/3/2026 0:00,CH_WHOLE,584.39,0,2,0,0
9/3/2026 0:00,CH_DIRECT,594.39,0,3,0,0
9/3/2026 0:00,CH_OTA_BKG,194.54,35.0172,1,0,0.18
9/3/2026 0:00,CH_WHOLE,1064.76,0,3,0,0
10/3/2026 0:00,CH_DIRECT,317.92,0,3,0,0
10/3/2026 0:00,CH_OTA_BKG,1133.921951,204.1059512,3,0,0.18
11/3/2026 0:00,CH_OTA_EXP,143.7647059,21.56470588,1,0,0.15
12/3/2026 0:00,CH_OTA_BKG,803.93,144.7074,3,0,0.18
12/3/2026 0:00,CH_OTA_EXP,434.27,65.1405,2,0,0.15
12/3/2026 0:00,CH_WHOLE,1368.7,0,4,0,0
13/3/2026 0:00,CH_OTA_BKG,164.0365854,29.52658537,1,0,0.18
13/3/2026 0:00,CH_OTA_EXP,1505.658824,225.8488235,4,0,0.15
14/3/2026 0:00,CH_DIRECT,1166.22,0,3,0,0
14/3/2026 0:00,CH_OTA_BKG,928.4,167.112,5,0,0.18
14/3/2026 0:00,CH_WHOLE,315.96,0,3,0,0
15/3/2026 0:00,CH_DIRECT,1061.41,0,3,0,0
15/3/2026 0:00,CH_OTA_BKG,409.98,73.7964,1,0,0.18
15/3/2026 0:00,CH_WHOLE,468.8,0,3,0,0
16/3/2026 0:00,CH_OTA_BKG,169.64,30.5352,1,0,0.18
16/3/2026 0:00,CH_WHOLE,1878.15,0,8,0,0
17/3/2026 0:00,CH_OTA_EXP,803.19,120.4785,2,0,0.15
18/3/2026 0:00,CH_OTA_EXP,1036.364706,155.4547059,3,0,0.15
18/3/2026 0:00,CH_WHOLE,912.57,0,2,0,0
19/3/2026 0:00,CH_DIRECT,436.68,0,3,0,0
19/3/2026 0:00,CH_OTA_BKG,3029.743415,545.3538146,8,0,0.18
19/3/2026 0:00,CH_WHOLE,883.43,0,2,0,0
20/3/2026 0:00,CH_OTA_BKG,879.56,158.3208,3,0,0.18
20/3/2026 0:00,CH_WHOLE,1424.11,0,6,0,0
21/3/2026 0:00,CH_DIRECT,2116.93,0,6,0,0
21/3/2026 0:00,CH_OTA_BKG,729.02,131.2236,3,0,0.18
21/3/2026 0:00,CH_OTA_EXP,679.4882353,101.9232353,2,0,0.15
21/3/2026 0:00,CH_WHOLE,1811.91,0,5,0,0
22/3/2026 0:00,CH_DIRECT,729.93,0,2,0,0
22/3/2026 0:00,CH_OTA_EXP,1405.82,210.873,4,0,0.15
22/3/2026 0:00,CH_WHOLE,327.08,0,1,0,0
23/3/2026 0:00,CH_DIRECT,419.88,0,3,0,0
23/3/2026 0:00,CH_OTA_EXP,285.5058824,42.82588235,1,0,0.15
23/3/2026 0:00,CH_WHOLE,116.64,0,1,0,0
24/3/2026 0:00,CH_DIRECT,141.88,0,1,0,0
24/3/2026 0:00,CH_OTA_EXP,1086.01,162.9015,3,0,0.15
24/3/2026 0:00,CH_WHOLE,438.73,0,3,0,0
25/3/2026 0:00,CH_DIRECT,260.03,0,2,0,0
26/3/2026 0:00,CH_DIRECT,1636.79,0,5,0,0
26/3/2026 0:00,CH_OTA_BKG,531.1097561,95.5997561,1,0,0.18
26/3/2026 0:00,CH_OTA_EXP,218.7,32.805,2,0,0.15
26/3/2026 0:00,CH_WHOLE,1718.53,0,5,0,0
27/3/2026 0:00,CH_DIRECT,1240.15,0,4,0,0
27/3/2026 0:00,CH_WHOLE,1227.95,0,4,0,0
28/3/2026 0:00,CH_OTA_BKG,1582.359024,284.8246244,5,0,0.18
28/3/2026 0:00,CH_OTA_EXP,701.07,105.1605,3,0,0.15
29/3/2026 0:00,CH_DIRECT,310.78,0,3,2112,6.795804106
29/3/2026 0:00,CH_OTA_BKG,1435.688049,258.4238488,4,0,0.18
29/3/2026 0:00,CH_WHOLE,1008.14,0,3,0,0
30/3/2026 0:00,CH_DIRECT,1984.37,0,5,0,0
30/3/2026 0:00,CH_WHOLE,311.47,0,1,0,0
31/3/2026 0:00,CH_OTA_EXP,1042.44,156.366,7,0,0.15
1/4/2026 0:00,CH_DIRECT,694.64,0,4,0,0
1/4/2026 0:00,CH_OTA_BKG,416.7804878,75.0204878,1,0,0.18
2/4/2026 0:00,CH_DIRECT,202.31,0,1,0,0
2/4/2026 0:00,CH_OTA_BKG,2410.880488,433.9584878,6,0,0.18
3/4/2026 0:00,CH_DIRECT,1150.83,0,3,0,0
3/4/2026 0:00,CH_OTA_EXP,537.61,80.6415,3,0,0.15
4/4/2026 0:00,CH_DIRECT,314.23,0,1,0,0
5/4/2026 0:00,CH_OTA_BKG,733.5836585,132.0450585,2,0,0.18
5/4/2026 0:00,CH_OTA_EXP,1063.67,159.5505,3,0,0.15
6/4/2026 0:00,CH_DIRECT,1571.41,0,7,0,0
6/4/2026 0:00,CH_WHOLE,983.31,0,2,0,0
7/4/2026 0:00,CH_DIRECT,484.07,0,1,0,0
7/4/2026 0:00,CH_OTA_BKG,1352.69,243.4842,4,0,0.18
7/4/2026 0:00,CH_WHOLE,171.82,0,1,0,0
8/4/2026 0:00,CH_DIRECT,123.81,0,1,0,0
8/4/2026 0:00,CH_OTA_BKG,741.3902439,133.4502439,3,0,0.18
8/4/2026 0:00,CH_OTA_EXP,2009.459412,301.4189118,5,0,0.15
8/4/2026 0:00,CH_WHOLE,257.7,0,2,0,0
9/4/2026 0:00,CH_DIRECT,393.95,0,2,0,0
9/4/2026 0:00,CH_OTA_BKG,1110,199.8,3,0,0.18
9/4/2026 0:00,CH_OTA_EXP,1126.694118,169.0041176,2,0,0.15
9/4/2026 0:00,CH_WHOLE,1786.25,0,5,0,0
10/4/2026 0:00,CH_DIRECT,985.17,0,5,0,0
10/4/2026 0:00,CH_OTA_BKG,476.58,85.7844,2,0,0.18
10/4/2026 0:00,CH_OTA_EXP,2075.4,311.31,7,0,0.15
10/4/2026 0:00,CH_WHOLE,1656.04,0,5,0,0
11/4/2026 0:00,CH_OTA_EXP,1945.394118,291.8091176,5,0,0.15
12/4/2026 0:00,CH_DIRECT,1203.7,0,3,0,0
12/4/2026 0:00,CH_OTA_BKG,568.48,102.3264,2,0,0.18
12/4/2026 0:00,CH_WHOLE,1024.67,0,3,0,0
13/4/2026 0:00,CH_OTA_BKG,1532.573171,275.8631707,3,0,0.18
13/4/2026 0:00,CH_OTA_EXP,1201.482353,180.2223529,3,0,0.15
13/4/2026 0:00,CH_WHOLE,674.63,0,2,0,0
14/4/2026 0:00,CH_DIRECT,505.85,0,2,1819,3.595927647
14/4/2026 0:00,CH_WHOLE,1555.54,0,9,0,0
15/4/2026 0:00,CH_DIRECT,950.68,0,4,0,0
15/4/2026 0:00,CH_OTA_BKG,1105.320488,198.9576878,3,0,0.18
15/4/2026 0:00,CH_OTA_EXP,1326.085294,198.9127941,6,0,0.15
15/4/2026 0:00,CH_WHOLE,624.42,0,2,0,0
16/4/2026 0:00,CH_DIRECT,1025.59,0,3,0,0
16/4/2026 0:00,CH_OTA_EXP,1194.482353,179.1723529,4,0,0.15
17/4/2026 0:00,CH_DIRECT,1293.71,0,5,2811,2.172820802
17/4/2026 0:00,CH_OTA_EXP,846.0941176,126.9141176,3,0,0.15
17/4/2026 0:00,CH_WHOLE,1615.56,0,6,0,0
18/4/2026 0:00,CH_OTA_EXP,1338.96,200.844,3,0,0.15
18/4/2026 0:00,CH_WHOLE,2158.96,0,6,0,0
19/4/2026 0:00,CH_DIRECT,648.6,0,3,0,0
19/4/2026 0:00,CH_OTA_BKG,443.1219512,79.76195122,3,0,0.18
19/4/2026 0:00,CH_OTA_EXP,203.5764706,30.53647059,1,0,0.15
19/4/2026 0:00,CH_WHOLE,1482.71,0,3,0,0
20/4/2026 0:00,CH_OTA_EXP,981.74,147.261,4,0,0.15
20/4/2026 0:00,CH_WHOLE,975.3,0,3,0,0
21/4/2026 0:00,CH_OTA_BKG,741.59,133.4862,3,0,0.18
21/4/2026 0:00,CH_OTA_EXP,1103.07,165.4605,5,0,0.15
21/4/2026 0:00,CH_WHOLE,248.02,0,1,0,0
22/4/2026 0:00,CH_DIRECT,1326.71,0,3,0,0
22/4/2026 0:00,CH_OTA_BKG,480.1,86.418,2,0,0.18
22/4/2026 0:00,CH_OTA_EXP,473.97,71.0955,4,0,0.15
23/4/2026 0:00,CH_DIRECT,923.16,0,3,0,0
23/4/2026 0:00,CH_OTA_BKG,303.74,54.6732,2,0,0.18
23/4/2026 0:00,CH_OTA_EXP,1396.21,209.4315,4,0,0.15
24/4/2026 0:00,CH_DIRECT,743,0,3,0,0
24/4/2026 0:00,CH_OTA_BKG,2029.013902,365.2225024,6,0,0.18
24/4/2026 0:00,CH_OTA_EXP,616.2,92.43,3,0,0.15
24/4/2026 0:00,CH_WHOLE,742.29,0,3,0,0
25/4/2026 0:00,CH_OTA_EXP,741.5176471,111.2276471,3,0,0.15
26/4/2026 0:00,CH_OTA_EXP,1376.58,206.487,4,0,0.15
27/4/2026 0:00,CH_OTA_BKG,2129.151707,383.2473073,9,0,0.18
28/4/2026 0:00,CH_DIRECT,925.6,0,3,0,0
28/4/2026 0:00,CH_OTA_EXP,664.7,99.705,2,0,0.15
28/4/2026 0:00,CH_WHOLE,369.65,0,4,0,0
29/4/2026 0:00,CH_DIRECT,402.97,0,1,0,0
29/4/2026 0:00,CH_OTA_BKG,363.67,65.4606,2,0,0.18
29/4/2026 0:00,CH_OTA_EXP,2848.46,427.269,6,0,0.15
29/4/2026 0:00,CH_WHOLE,1423.95,0,5,0,0
30/4/2026 0:00,CH_OTA_EXP,873.16,130.974,2,0,0.15
30/4/2026 0:00,CH_WHOLE,745.91,0,2,0,0
1/5/2026 0:00,CH_DIRECT,903.7,0,3,0,0
1/5/2026 0:00,CH_OTA_BKG,189.51,34.1118,2,0,0.18
1/5/2026 0:00,CH_OTA_EXP,404.0588235,60.60882353,2,0,0.15
1/5/2026 0:00,CH_WHOLE,256.48,0,2,0,0
3/5/2026 0:00,CH_DIRECT,1124.9,0,3,0,0
3/5/2026 0:00,CH_OTA_BKG,1735.49,312.3882,5,0,0.18
3/5/2026 0:00,CH_OTA_EXP,397.98,59.697,3,0,0.15
4/5/2026 0:00,CH_OTA_BKG,580.8,104.544,2,0,0.18
5/5/2026 0:00,CH_OTA_BKG,1767.935854,318.2284537,6,0,0.18
5/5/2026 0:00,CH_WHOLE,314.57,0,1,0,0
6/5/2026 0:00,CH_OTA_BKG,1981.783415,356.7210146,7,0,0.18
6/5/2026 0:00,CH_OTA_EXP,476.2588235,71.43882353,2,0,0.15
7/5/2026 0:00,CH_DIRECT,2840.54,0,6,0,0
7/5/2026 0:00,CH_OTA_BKG,566.72,102.0096,2,0,0.18
7/5/2026 0:00,CH_WHOLE,569.06,0,2,0,0
8/5/2026 0:00,CH_OTA_EXP,417.8176471,62.67264706,2,0,0.15
8/5/2026 0:00,CH_WHOLE,1361.28,0,3,0,0
9/5/2026 0:00,CH_OTA_BKG,455.1219512,81.92195122,2,0,0.18
9/5/2026 0:00,CH_OTA_EXP,1090.094118,163.5141176,2,0,0.15
9/5/2026 0:00,CH_WHOLE,360.87,0,1,0,0
10/5/2026 0:00,CH_DIRECT,807.31,0,2,0,0
10/5/2026 0:00,CH_OTA_EXP,2087.74,313.161,7,0,0.15
10/5/2026 0:00,CH_WHOLE,1361.09,0,3,0,0
11/5/2026 0:00,CH_DIRECT,741.64,0,3,292,0.393722021
11/5/2026 0:00,CH_OTA_BKG,568.61,102.3498,2,0,0.18
11/5/2026 0:00,CH_OTA_EXP,553.37,83.0055,2,0,0.15
11/5/2026 0:00,CH_WHOLE,1527.95,0,5,0,0
12/5/2026 0:00,CH_DIRECT,1237.28,0,3,0,0
12/5/2026 0:00,CH_OTA_BKG,191.75,34.515,1,0,0.18
12/5/2026 0:00,CH_WHOLE,1332.27,0,3,0,0
13/5/2026 0:00,CH_DIRECT,536.01,0,2,0,0
13/5/2026 0:00,CH_OTA_EXP,1341.28,201.192,5,0,0.15
13/5/2026 0:00,CH_WHOLE,541.85,0,2,0,0
14/5/2026 0:00,CH_DIRECT,122.6,0,1,0,0
14/5/2026 0:00,CH_OTA_BKG,299.11,53.8398,2,0,0.18
14/5/2026 0:00,CH_WHOLE,616.28,0,3,0,0
15/5/2026 0:00,CH_OTA_BKG,885.97,159.4746,2,0,0.18
15/5/2026 0:00,CH_WHOLE,325.59,0,2,0,0
16/5/2026 0:00,CH_OTA_BKG,363.0609756,65.35097561,3,0,0.18
16/5/2026 0:00,CH_OTA_EXP,369.89,55.4835,1,0,0.15
16/5/2026 0:00,CH_WHOLE,990.76,0,5,0,0
17/5/2026 0:00,CH_DIRECT,234.71,0,1,0,0
17/5/2026 0:00,CH_OTA_EXP,334.0064706,50.10097059,3,0,0.15
17/5/2026 0:00,CH_WHOLE,1495.52,0,8,0,0
18/5/2026 0:00,CH_DIRECT,650.2,0,3,4390,6.751768687
18/5/2026 0:00,CH_OTA_BKG,349.45,62.901,2,0,0.18
18/5/2026 0:00,CH_OTA_EXP,696.3529412,104.4529412,2,0,0.15
19/5/2026 0:00,CH_OTA_BKG,1374.746585,247.4543854,4,0,0.18
19/5/2026 0:00,CH_OTA_EXP,248.9929412,37.34894118,2,0,0.15
20/5/2026 0:00,CH_DIRECT,493.45,0,1,0,0
20/5/2026 0:00,CH_OTA_BKG,985.83,177.4494,4,0,0.18
21/5/2026 0:00,CH_OTA_BKG,397.27,71.5086,1,0,0.18
21/5/2026 0:00,CH_WHOLE,412.31,0,1,0,0
22/5/2026 0:00,CH_OTA_EXP,398.66,59.799,2,0,0.15
22/5/2026 0:00,CH_WHOLE,429.21,0,2,0,0
23/5/2026 0:00,CH_DIRECT,546.69,0,2,0,0
23/5/2026 0:00,CH_OTA_EXP,798.2258824,119.7338824,3,0,0.15
23/5/2026 0:00,CH_WHOLE,794.63,0,3,0,0
24/5/2026 0:00,CH_DIRECT,409.57,0,3,0,0
24/5/2026 0:00,CH_OTA_BKG,1185.792683,213.4426829,3,0,0.18
24/5/2026 0:00,CH_OTA_EXP,246.89,37.0335,3,0,0.15
24/5/2026 0:00,CH_WHOLE,407.88,0,1,0,0
25/5/2026 0:00,CH_DIRECT,155.42,0,1,0,0
25/5/2026 0:00,CH_OTA_BKG,628.98,113.2164,2,0,0.18
25/5/2026 0:00,CH_WHOLE,597.46,0,2,0,0
26/5/2026 0:00,CH_DIRECT,1115.53,0,3,0,0
26/5/2026 0:00,CH_OTA_EXP,446.28,66.942,1,0,0.15
27/5/2026 0:00,CH_DIRECT,256.04,0,1,0,0
27/5/2026 0:00,CH_OTA_BKG,728.5121951,131.1321951,2,0,0.18
27/5/2026 0:00,CH_OTA_EXP,187.15,28.0725,1,0,0.15
27/5/2026 0:00,CH_WHOLE,2111.29,0,5,0,0
28/5/2026 0:00,CH_DIRECT,1348.86,0,4,0,0
28/5/2026 0:00,CH_OTA_EXP,775.25,116.2875,2,0,0.15
29/5/2026 0:00,CH_OTA_BKG,443.29,79.7922,3,0,0.18
29/5/2026 0:00,CH_WHOLE,116.44,0,1,0,0
30/5/2026 0:00,CH_OTA_EXP,921.98,138.297,6,0,0.15
30/5/2026 0:00,CH_WHOLE,1204.92,0,3,0,0
31/5/2026 0:00,CH_OTA_EXP,1884.916471,282.7374706,5,0,0.15
31/5/2026 0:00,CH_WHOLE,1303.23,0,3,0,0
1/6/2026 0:00,CH_OTA_BKG,1059.68,190.7424,3,0,0.18
1/6/2026 0:00,CH_OTA_EXP,880.6352941,132.0952941,2,0,0.15
1/6/2026 0:00,CH_WHOLE,840.16,0,2,0,0
2/6/2026 0:00,CH_OTA_EXP,1729.99,259.4985,6,0,0.15
2/6/2026 0:00,CH_WHOLE,2478.73,0,8,0,0
3/6/2026 0:00,CH_DIRECT,1862.9,0,5,2580,1.384937463
3/6/2026 0:00,CH_OTA_BKG,698.31,125.6958,3,0,0.18
3/6/2026 0:00,CH_OTA_EXP,806.95,121.0425,4,0,0.15
3/6/2026 0:00,CH_WHOLE,410.87,0,2,0,0
4/6/2026 0:00,CH_DIRECT,1672.01,0,5,0,0
4/6/2026 0:00,CH_OTA_BKG,827.99,149.0382,3,0,0.18
4/6/2026 0:00,CH_OTA_EXP,800.51,120.0765,2,0,0.15
4/6/2026 0:00,CH_WHOLE,1339.96,0,6,0,0
5/6/2026 0:00,CH_DIRECT,1408.09,0,4,0,0
5/6/2026 0:00,CH_OTA_BKG,1491.696829,268.5054293,5,0,0.18
5/6/2026 0:00,CH_OTA_EXP,1720.900588,258.1350882,6,0,0.15
5/6/2026 0:00,CH_WHOLE,84.71,0,1,0,0
6/6/2026 0:00,CH_OTA_BKG,280.94,50.5692,1,0,0.18
6/6/2026 0:00,CH_OTA_EXP,399.17,59.8755,1,0,0.15
6/6/2026 0:00,CH_WHOLE,305.22,0,1,0,0
8/6/2026 0:00,CH_OTA_EXP,552.1411765,82.82117647,1,0,0.15
8/6/2026 0:00,CH_WHOLE,443.14,0,2,0,0
9/6/2026 0:00,CH_OTA_BKG,891.8,160.524,3,0,0.18
9/6/2026 0:00,CH_OTA_EXP,1036.133529,155.4200294,4,0,0.15
9/6/2026 0:00,CH_WHOLE,1135.22,0,4,0,0
10/6/2026 0:00,CH_DIRECT,1507.3,0,5,2659,1.76408147
10/6/2026 0:00,CH_OTA_BKG,1016.459756,182.9627561,5,0,0.18
11/6/2026 0:00,CH_DIRECT,362.13,0,1,0,0
11/6/2026 0:00,CH_OTA_BKG,358.804878,64.58487805,2,0,0.18
11/6/2026 0:00,CH_OTA_EXP,1188.31,178.2465,3,0,0.15
11/6/2026 0:00,CH_WHOLE,1669.35,0,4,0,0
12/6/2026 0:00,CH_DIRECT,831.82,0,3,0,0
12/6/2026 0:00,CH_OTA_BKG,1753.012195,315.5421951,3,0,0.18
12/6/2026 0:00,CH_OTA_EXP,259.74,38.961,2,0,0.15
12/6/2026 0:00,CH_WHOLE,504.61,0,2,0,0
13/6/2026 0:00,CH_DIRECT,449.8,0,4,0,0
13/6/2026 0:00,CH_OTA_BKG,432.92,77.9256,1,0,0.18
13/6/2026 0:00,CH_OTA_EXP,760.53,114.0795,4,0,0.15
14/6/2026 0:00,CH_DIRECT,370.82,0,2,0,0
14/6/2026 0:00,CH_OTA_BKG,850.53,153.0954,4,0,0.18
14/6/2026 0:00,CH_OTA_EXP,1031.752941,154.7629412,2,0,0.15
14/6/2026 0:00,CH_WHOLE,383.51,0,1,0,0
15/6/2026 0:00,CH_OTA_BKG,838.1107317,150.8599317,3,0,0.18
15/6/2026 0:00,CH_WHOLE,1636.56,0,4,0,0
16/6/2026 0:00,CH_OTA_BKG,725.52,130.5936,3,0,0.18
16/6/2026 0:00,CH_OTA_EXP,1482.19,222.3285,4,0,0.15
17/6/2026 0:00,CH_DIRECT,1603.15,0,6,0,0
17/6/2026 0:00,CH_OTA_EXP,1692.255882,253.8383824,4,0,0.15
17/6/2026 0:00,CH_WHOLE,633.89,0,3,0,0
18/6/2026 0:00,CH_DIRECT,236.4,0,1,0,0
18/6/2026 0:00,CH_OTA_EXP,1484.31,222.6465,4,0,0.15
19/6/2026 0:00,CH_OTA_EXP,1183.858824,177.5788235,4,0,0.15
19/6/2026 0:00,CH_WHOLE,256.28,0,2,0,0
20/6/2026 0:00,CH_DIRECT,1142.4,0,3,0,0
20/6/2026 0:00,CH_OTA_EXP,1998.86,299.829,6,0,0.15
20/6/2026 0:00,CH_WHOLE,257.24,0,1,0,0
21/6/2026 0:00,CH_OTA_BKG,253.2,45.576,1,0,0.18
22/6/2026 0:00,CH_OTA_BKG,438.94,79.0092,2,0,0.18
22/6/2026 0:00,CH_OTA_EXP,379.5764706,56.93647059,1,0,0.15
22/6/2026 0:00,CH_WHOLE,223.62,0,1,0,0
23/6/2026 0:00,CH_DIRECT,1091.13,0,5,0,0
23/6/2026 0:00,CH_OTA_BKG,3959.692195,712.7445951,9,0,0.18
23/6/2026 0:00,CH_OTA_EXP,600.97,90.1455,4,0,0.15
23/6/2026 0:00,CH_WHOLE,106.68,0,1,0,0
24/6/2026 0:00,CH_DIRECT,1653.98,0,6,0,0
24/6/2026 0:00,CH_OTA_EXP,1302.63,195.3945,5,0,0.15
25/6/2026 0:00,CH_DIRECT,330.13,0,1,0,0
25/6/2026 0:00,CH_OTA_BKG,455.51,81.9918,2,0,0.18
26/6/2026 0:00,CH_DIRECT,447.47,0,2,0,0
26/6/2026 0:00,CH_OTA_BKG,966.06,173.8908,4,0,0.18
26/6/2026 0:00,CH_WHOLE,917.95,0,3,0,0
27/6/2026 0:00,CH_OTA_BKG,485.59,87.4062,1,0,0.18
28/6/2026 0:00,CH_DIRECT,1389.7,0,3,0,0
28/6/2026 0:00,CH_OTA_BKG,872.67,157.0806,4,0,0.18
28/6/2026 0:00,CH_OTA_EXP,771,115.65,2,0,0.15
28/6/2026 0:00,CH_WHOLE,876.06,0,2,0,0
29/6/2026 0:00,CH_OTA_BKG,578.8536585,104.1936585,3,0,0.18
29/6/2026 0:00,CH_OTA_EXP,3078.138235,461.7207353,7,0,0.15
30/6/2026 0:00,CH_OTA_BKG,413.2195122,74.3795122,1,0,0.18
30/6/2026 0:00,CH_WHOLE,1591.96,0,6,0,0
1/7/2026 0:00,CH_DIRECT,669.61,0,2,0,0
1/7/2026 0:00,CH_OTA_BKG,1033.19,185.9742,3,0,0.18
1/7/2026 0:00,CH_OTA_EXP,1285.09,192.7635,3,0,0.15
1/7/2026 0:00,CH_WHOLE,399.41,0,1,0,0
2/7/2026 0:00,CH_DIRECT,1260.86,0,4,3785,3.001919325
2/7/2026 0:00,CH_OTA_EXP,3050.12,457.518,7,0,0.15
2/7/2026 0:00,CH_WHOLE,3108.52,0,10,0,0
3/7/2026 0:00,CH_WHOLE,710.02,0,2,0,0
4/7/2026 0:00,CH_DIRECT,262.24,0,3,0,0
4/7/2026 0:00,CH_OTA_BKG,605.43,108.9774,2,0,0.18
4/7/2026 0:00,CH_OTA_EXP,1933.597059,290.0395588,6,0,0.15
4/7/2026 0:00,CH_WHOLE,882.25,0,2,0,0
5/7/2026 0:00,CH_OTA_BKG,1096.243902,197.3239024,3,0,0.18
5/7/2026 0:00,CH_OTA_EXP,475.33,71.2995,3,0,0.15
5/7/2026 0:00,CH_WHOLE,627.09,0,2,0,0
6/7/2026 0:00,CH_DIRECT,1192.12,0,6,0,0
6/7/2026 0:00,CH_OTA_BKG,1619.317073,291.4770732,3,0,0.18
6/7/2026 0:00,CH_OTA_EXP,188.28,28.242,1,0,0.15
7/7/2026 0:00,CH_OTA_BKG,1403.13,252.5634,3,0,0.18
7/7/2026 0:00,CH_OTA_EXP,932.92,139.938,4,0,0.15
7/7/2026 0:00,CH_WHOLE,1046.13,0,3,0,0
8/7/2026 0:00,CH_DIRECT,994.73,0,5,1158,1.164134991
8/7/2026 0:00,CH_WHOLE,782.16,0,5,0,0
9/7/2026 0:00,CH_DIRECT,187.33,0,1,0,0
9/7/2026 0:00,CH_OTA_BKG,815.9904878,146.8782878,3,0,0.18
9/7/2026 0:00,CH_OTA_EXP,423.21,63.4815,3,0,0.15
9/7/2026 0:00,CH_WHOLE,449.7,0,1,0,0
10/7/2026 0:00,CH_DIRECT,948.39,0,4,0,0
10/7/2026 0:00,CH_WHOLE,246.03,0,2,0,0
11/7/2026 0:00,CH_OTA_BKG,370.52,66.6936,3,0,0.18
12/7/2026 0:00,CH_DIRECT,1034.06,0,4,3085,2.983385877
12/7/2026 0:00,CH_OTA_BKG,1197.070976,215.4727756,6,0,0.18
13/7/2026 0:00,CH_DIRECT,301.97,0,3,4938,16.35261781
13/7/2026 0:00,CH_OTA_BKG,337.43,60.7374,1,0,0.18
13/7/2026 0:00,CH_WHOLE,1682.84,0,6,0,0
14/7/2026 0:00,CH_OTA_BKG,298.11,53.6598,2,0,0.18
14/7/2026 0:00,CH_OTA_EXP,270.41,40.5615,3,0,0.15
14/7/2026 0:00,CH_WHOLE,472.39,0,1,0,0
15/7/2026 0:00,CH_DIRECT,93.24,0,1,0,0
15/7/2026 0:00,CH_OTA_EXP,481.46,72.219,3,0,0.15
16/7/2026 0:00,CH_DIRECT,581.53,0,2,512,0.880436091
16/7/2026 0:00,CH_OTA_BKG,1085.95,195.471,3,0,0.18
16/7/2026 0:00,CH_OTA_EXP,1121.724118,168.2586176,4,0,0.15
17/7/2026 0:00,CH_DIRECT,279.66,0,3,0,0
17/7/2026 0:00,CH_OTA_BKG,324.88,58.4784,3,0,0.18
18/7/2026 0:00,CH_DIRECT,1173.18,0,4,0,0
18/7/2026 0:00,CH_OTA_BKG,1469.9,264.582,6,0,0.18
18/7/2026 0:00,CH_WHOLE,674.59,0,3,0,0
19/7/2026 0:00,CH_OTA_BKG,772.547561,139.058561,3,0,0.18
19/7/2026 0:00,CH_OTA_EXP,2286.56,342.984,8,0,0.15
19/7/2026 0:00,CH_WHOLE,1493.5,0,3,0,0
20/7/2026 0:00,CH_DIRECT,309.32,0,1,0,0
20/7/2026 0:00,CH_WHOLE,211.49,0,1,0,0
21/7/2026 0:00,CH_DIRECT,427.34,0,1,1132,2.648944634
21/7/2026 0:00,CH_OTA_EXP,1286.745294,193.0117941,6,0,0.15
22/7/2026 0:00,CH_OTA_BKG,1517.853659,273.2136585,4,0,0.18
22/7/2026 0:00,CH_WHOLE,498.04,0,4,0,0
23/7/2026 0:00,CH_DIRECT,642.51,0,4,0,0
23/7/2026 0:00,CH_OTA_BKG,1010.53,181.8954,4,0,0.18
23/7/2026 0:00,CH_WHOLE,1351.42,0,3,0,0
24/7/2026 0:00,CH_DIRECT,143.62,0,1,0,0
24/7/2026 0:00,CH_OTA_EXP,2575.140588,386.2710882,6,0,0.15
24/7/2026 0:00,CH_WHOLE,1666.74,0,6,0,0
25/7/2026 0:00,CH_OTA_BKG,839.7195122,151.1495122,2,0,0.18
25/7/2026 0:00,CH_OTA_EXP,351.7764706,52.76647059,1,0,0.15
25/7/2026 0:00,CH_WHOLE,1590.57,0,5,0,0
26/7/2026 0:00,CH_OTA_EXP,1653.424706,248.0137059,6,0,0.15
28/7/2026 0:00,CH_OTA_BKG,1609.205122,289.656922,4,0,0.18
28/7/2026 0:00,CH_OTA_EXP,2045.177647,306.7766471,5,0,0.15
29/7/2026 0:00,CH_DIRECT,755.14,0,3,0,0
29/7/2026 0:00,CH_OTA_BKG,1453.14,261.5652,4,0,0.18
29/7/2026 0:00,CH_OTA_EXP,228.3647059,34.25470588,1,0,0.15
30/7/2026 0:00,CH_DIRECT,350.66,0,2,970,2.766212285
30/7/2026 0:00,CH_OTA_BKG,515.55,92.799,3,0,0.18
30/7/2026 0:00,CH_WHOLE,2548.39,0,10,0,0
31/7/2026 0:00,CH_DIRECT,401.14,0,1,1143,2.849379269
31/7/2026 0:00,CH_OTA_BKG,530.33,95.4594,3,0,0.18
1/8/2026 0:00,CH_DIRECT,1312.06,0,3,0,0
1/8/2026 0:00,CH_OTA_BKG,916.19,164.9142,3,0,0.18
1/8/2026 0:00,CH_WHOLE,482.62,0,2,0,0
2/8/2026 0:00,CH_OTA_BKG,1553.2,279.576,4,0,0.18
2/8/2026 0:00,CH_OTA_EXP,733.82,110.073,2,0,0.15
2/8/2026 0:00,CH_WHOLE,1434.28,0,4,0,0
3/8/2026 0:00,CH_OTA_BKG,989.7804878,178.1604878,2,0,0.18
3/8/2026 0:00,CH_OTA_EXP,401.59,60.2385,3,0,0.15
3/8/2026 0:00,CH_WHOLE,707.37,0,6,0,0
4/8/2026 0:00,CH_DIRECT,416.34,0,3,0,0
4/8/2026 0:00,CH_OTA_BKG,1342.05,241.569,3,0,0.18
4/8/2026 0:00,CH_OTA_EXP,485.85,72.8775,2,0,0.15
4/8/2026 0:00,CH_WHOLE,225.87,0,1,0,0
5/8/2026 0:00,CH_DIRECT,159.16,0,1,0,0
5/8/2026 0:00,CH_OTA_BKG,112.18,20.1924,1,0,0.18
5/8/2026 0:00,CH_OTA_EXP,415.36,62.304,1,0,0.15
5/8/2026 0:00,CH_WHOLE,577.72,0,3,0,0
6/8/2026 0:00,CH_OTA_EXP,784.59,117.6885,2,0,0.15
7/8/2026 0:00,CH_DIRECT,1551.96,0,6,0,0
7/8/2026 0:00,CH_OTA_BKG,1805.865854,325.0558537,3,0,0.18
7/8/2026 0:00,CH_OTA_EXP,1118.59,167.7885,3,0,0.15
7/8/2026 0:00,CH_WHOLE,1642.97,0,5,0,0
8/8/2026 0:00,CH_DIRECT,89.64,0,1,0,0
8/8/2026 0:00,CH_OTA_BKG,603.2682927,108.5882927,2,0,0.18
8/8/2026 0:00,CH_OTA_EXP,1473.41,221.0115,3,0,0.15
8/8/2026 0:00,CH_WHOLE,480.52,0,1,0,0
9/8/2026 0:00,CH_DIRECT,1469.93,0,5,0,0
9/8/2026 0:00,CH_OTA_BKG,2595.807317,467.2453171,9,0,0.18
9/8/2026 0:00,CH_WHOLE,1312.19,0,4,0,0
10/8/2026 0:00,CH_DIRECT,898.93,0,5,0,0
10/8/2026 0:00,CH_OTA_BKG,2113.26,380.3868,7,0,0.18
10/8/2026 0:00,CH_OTA_EXP,2385.161765,357.7742647,6,0,0.15
10/8/2026 0:00,CH_WHOLE,556.53,0,3,0,0
11/8/2026 0:00,CH_DIRECT,1299.93,0,4,0,0
11/8/2026 0:00,CH_OTA_BKG,881.12,158.6016,3,0,0.18
11/8/2026 0:00,CH_OTA_EXP,894.68,134.202,3,0,0.15
11/8/2026 0:00,CH_WHOLE,1404.44,0,7,0,0
12/8/2026 0:00,CH_DIRECT,1164.4,0,5,0,0
12/8/2026 0:00,CH_OTA_BKG,100.25,18.045,1,0,0.18
12/8/2026 0:00,CH_OTA_EXP,257.34,38.601,3,0,0.15
12/8/2026 0:00,CH_WHOLE,1323.27,0,5,0,0
13/8/2026 0:00,CH_OTA_BKG,290.69,52.3242,3,0,0.18
13/8/2026 0:00,CH_OTA_EXP,1212.8,181.92,8,0,0.15
14/8/2026 0:00,CH_OTA_EXP,1275.51,191.3265,5,0,0.15
14/8/2026 0:00,CH_WHOLE,598.56,0,2,0,0
15/8/2026 0:00,CH_DIRECT,323.11,0,3,0,0
15/8/2026 0:00,CH_OTA_EXP,2985.65,447.8475,12,0,0.15
15/8/2026 0:00,CH_WHOLE,1000.09,0,3,0,0
16/8/2026 0:00,CH_DIRECT,132.37,0,1,0,0
16/8/2026 0:00,CH_OTA_BKG,1181.348049,212.6426488,5,0,0.18
16/8/2026 0:00,CH_OTA_EXP,1343.14,201.471,5,0,0.15
17/8/2026 0:00,CH_DIRECT,1321.42,0,3,0,0
17/8/2026 0:00,CH_OTA_BKG,837.8292683,150.8092683,2,0,0.18
17/8/2026 0:00,CH_OTA_EXP,1042.41,156.3615,3,0,0.15
17/8/2026 0:00,CH_WHOLE,1474.04,0,6,0,0
18/8/2026 0:00,CH_DIRECT,250.09,0,1,0,0
18/8/2026 0:00,CH_OTA_BKG,428.01,77.0418,3,0,0.18
18/8/2026 0:00,CH_OTA_EXP,582.56,87.384,6,0,0.15
18/8/2026 0:00,CH_WHOLE,318.65,0,2,0,0
19/8/2026 0:00,CH_OTA_BKG,543.2195122,97.7795122,3,0,0.18
19/8/2026 0:00,CH_OTA_EXP,1401.22,210.183,4,0,0.15
19/8/2026 0:00,CH_WHOLE,1873,0,7,0,0
20/8/2026 0:00,CH_OTA_EXP,190.74,28.611,1,0,0.15
20/8/2026 0:00,CH_WHOLE,464.19,0,2,0,0
21/8/2026 0:00,CH_DIRECT,320.52,0,1,0,0
21/8/2026 0:00,CH_OTA_BKG,1488.2,267.876,4,0,0.18
21/8/2026 0:00,CH_OTA_EXP,89.47,13.4205,1,0,0.15
21/8/2026 0:00,CH_WHOLE,229.63,0,2,0,0
22/8/2026 0:00,CH_DIRECT,1512.16,0,5,0,0
22/8/2026 0:00,CH_OTA_BKG,756.14,136.1052,2,0,0.18
22/8/2026 0:00,CH_OTA_EXP,773.09,115.9635,2,0,0.15
23/8/2026 0:00,CH_DIRECT,390.46,0,1,0,0
23/8/2026 0:00,CH_OTA_BKG,1637.96,294.8328,4,0,0.18
23/8/2026 0:00,CH_WHOLE,801.46,0,2,0,0
24/8/2026 0:00,CH_DIRECT,551.75,0,3,0,0
24/8/2026 0:00,CH_OTA_EXP,1154.542941,173.1814412,5,0,0.15
25/8/2026 0:00,CH_DIRECT,1606.61,0,5,0,0
25/8/2026 0:00,CH_OTA_BKG,1793.07,322.7526,6,0,0.18
25/8/2026 0:00,CH_OTA_EXP,499.67,74.9505,2,0,0.15
25/8/2026 0:00,CH_WHOLE,453.69,0,3,0,0
26/8/2026 0:00,CH_DIRECT,246.07,0,1,0,0
26/8/2026 0:00,CH_OTA_BKG,778.39,140.1102,4,0,0.18
26/8/2026 0:00,CH_WHOLE,1161.55,0,3,0,0
27/8/2026 0:00,CH_OTA_BKG,626.5365854,112.7765854,2,0,0.18
27/8/2026 0:00,CH_WHOLE,230.35,0,1,0,0
28/8/2026 0:00,CH_DIRECT,1302.99,0,6,4403,3.37915103
28/8/2026 0:00,CH_OTA_BKG,2178.36,392.1048,5,0,0.18
28/8/2026 0:00,CH_OTA_EXP,1312.667059,196.9000588,4,0,0.15
29/8/2026 0:00,CH_DIRECT,854.71,0,3,0,0
29/8/2026 0:00,CH_OTA_BKG,589.07,106.0326,2,0,0.18
29/8/2026 0:00,CH_WHOLE,488.36,0,1,0,0
30/8/2026 0:00,CH_DIRECT,125.29,0,1,4791,38.23928486
30/8/2026 0:00,CH_OTA_BKG,537.4363415,96.73854146,3,0,0.18
30/8/2026 0:00,CH_OTA_EXP,772.66,115.899,3,0,0.15
31/8/2026 0:00,CH_OTA_BKG,1767.390244,318.1302439,3,0,0.18
31/8/2026 0:00,CH_OTA_EXP,1039.592353,155.9388529,3,0,0.15
31/8/2026 0:00,CH_WHOLE,2266.96,0,5,0,0
1/9/2026 0:00,CH_DIRECT,1433.57,0,3,0,0
1/9/2026 0:00,CH_OTA_BKG,1857.852195,334.4133951,7,0,0.18
1/9/2026 0:00,CH_WHOLE,366.09,0,1,0,0
2/9/2026 0:00,CH_WHOLE,1170.82,0,3,0,0
3/9/2026 0:00,CH_OTA_BKG,1156.29,208.1322,5,0,0.18
3/9/2026 0:00,CH_WHOLE,498.45,0,3,0,0
4/9/2026 0:00,CH_DIRECT,1693.66,0,9,3453,2.03877992
4/9/2026 0:00,CH_OTA_BKG,351.09,63.1962,2,0,0.18
4/9/2026 0:00,CH_OTA_EXP,1924.559412,288.6839118,5,0,0.15
4/9/2026 0:00,CH_WHOLE,1063.73,0,3,0,0
5/9/2026 0:00,CH_OTA_EXP,738.76,110.814,2,0,0.15
5/9/2026 0:00,CH_WHOLE,192.48,0,1,0,0
6/9/2026 0:00,CH_DIRECT,1703.19,0,5,0,0
6/9/2026 0:00,CH_OTA_EXP,874.4558824,131.1683824,3,0,0.15
7/9/2026 0:00,CH_DIRECT,2780.8,0,7,0,0
7/9/2026 0:00,CH_OTA_BKG,923.32,166.1976,2,0,0.18
7/9/2026 0:00,CH_OTA_EXP,1536.388235,230.4582353,3,0,0.15
7/9/2026 0:00,CH_WHOLE,598.67,0,2,0,0
8/9/2026 0:00,CH_WHOLE,1746.38,0,6,0,0
9/9/2026 0:00,CH_DIRECT,1987.36,0,6,4755,2.392621367
9/9/2026 0:00,CH_WHOLE,1369.94,0,5,0,0
10/9/2026 0:00,CH_DIRECT,1346.9,0,3,0,0
10/9/2026 0:00,CH_OTA_BKG,2091.717561,376.509161,6,0,0.18
11/9/2026 0:00,CH_DIRECT,83.85,0,1,0,0
11/9/2026 0:00,CH_OTA_BKG,1928.313171,347.0963707,5,0,0.18
12/9/2026 0:00,CH_DIRECT,1667.55,0,5,0,0
12/9/2026 0:00,CH_OTA_BKG,2569.36,462.4848,8,0,0.18
12/9/2026 0:00,CH_OTA_EXP,325.42,48.813,1,0,0.15
12/9/2026 0:00,CH_WHOLE,1543.88,0,6,0,0
13/9/2026 0:00,CH_OTA_EXP,967.9217647,145.1882647,3,0,0.15
13/9/2026 0:00,CH_WHOLE,1250.51,0,3,0,0
14/9/2026 0:00,CH_DIRECT,337.47,0,3,0,0
14/9/2026 0:00,CH_OTA_EXP,1047.542941,157.1314412,4,0,0.15
14/9/2026 0:00,CH_WHOLE,1328.39,0,3,0,0
15/9/2026 0:00,CH_DIRECT,1423.32,0,3,0,0
15/9/2026 0:00,CH_OTA_BKG,1219.35,219.483,6,0,0.18
16/9/2026 0:00,CH_OTA_BKG,1041.93,187.5474,4,0,0.18
16/9/2026 0:00,CH_OTA_EXP,1719.741176,257.9611765,3,0,0.15
17/9/2026 0:00,CH_OTA_BKG,930.25,167.445,3,0,0.18
17/9/2026 0:00,CH_OTA_EXP,214.66,32.199,1,0,0.15
18/9/2026 0:00,CH_DIRECT,117.36,0,1,0,0
18/9/2026 0:00,CH_OTA_EXP,2783.334118,417.5001176,7,0,0.15
18/9/2026 0:00,CH_WHOLE,1510.05,0,8,0,0
19/9/2026 0:00,CH_DIRECT,163.84,0,2,0,0
19/9/2026 0:00,CH_WHOLE,1286.52,0,9,0,0
20/9/2026 0:00,CH_DIRECT,865.02,0,2,0,0
20/9/2026 0:00,CH_OTA_BKG,1201.69,216.3042,3,0,0.18
20/9/2026 0:00,CH_OTA_EXP,1774.78,266.217,6,0,0.15
20/9/2026 0:00,CH_WHOLE,1352.67,0,4,0,0
21/9/2026 0:00,CH_OTA_BKG,1865.198537,335.7357366,6,0,0.18
21/9/2026 0:00,CH_OTA_EXP,506.07,75.9105,2,0,0.15
21/9/2026 0:00,CH_WHOLE,790.7,0,4,0,0
22/9/2026 0:00,CH_OTA_BKG,989.45,178.101,4,0,0.18
22/9/2026 0:00,CH_OTA_EXP,1774.77,266.2155,7,0,0.15
23/9/2026 0:00,CH_DIRECT,1549.12,0,5,0,0
23/9/2026 0:00,CH_OTA_BKG,937.78,168.8004,4,0,0.18
23/9/2026 0:00,CH_OTA_EXP,150.97,22.6455,1,0,0.15
23/9/2026 0:00,CH_WHOLE,1145.74,0,3,0,0
24/9/2026 0:00,CH_DIRECT,721.48,0,2,0,0
24/9/2026 0:00,CH_OTA_BKG,306.1,55.098,3,0,0.18
24/9/2026 0:00,CH_WHOLE,1178.3,0,4,0,0
25/9/2026 0:00,CH_DIRECT,411.72,0,2,0,0
25/9/2026 0:00,CH_OTA_BKG,2312.634146,416.2741463,4,0,0.18
25/9/2026 0:00,CH_OTA_EXP,553.13,82.9695,2,0,0.15
25/9/2026 0:00,CH_WHOLE,401.08,0,1,0,0
26/9/2026 0:00,CH_DIRECT,352.23,0,1,0,0
26/9/2026 0:00,CH_OTA_BKG,582.22,104.7996,2,0,0.18
26/9/2026 0:00,CH_OTA_EXP,1739.952941,260.9929412,3,0,0.15
26/9/2026 0:00,CH_WHOLE,1043.46,0,7,0,0
27/9/2026 0:00,CH_OTA_BKG,500.86,90.1548,2,0,0.18
27/9/2026 0:00,CH_OTA_EXP,1275.19,191.2785,4,0,0.15
27/9/2026 0:00,CH_WHOLE,901.03,0,3,0,0
28/9/2026 0:00,CH_OTA_BKG,1421.36,255.8448,3,0,0.18
29/9/2026 0:00,CH_DIRECT,848.44,0,3,0,0
29/9/2026 0:00,CH_OTA_BKG,484.62,87.2316,1,0,0.18
29/9/2026 0:00,CH_OTA_EXP,619.44,92.916,4,0,0.15
30/9/2026 0:00,CH_DIRECT,1384.34,0,5,0,0
30/9/2026 0:00,CH_OTA_BKG,1071.402439,192.852439,2,0,0.18
30/9/2026 0:00,CH_WHOLE,1424.61,0,3,0,0
1/10/2026 0:00,CH_DIRECT,767.14,0,2,0,0
1/10/2026 0:00,CH_OTA_BKG,1295.172195,233.1309951,5,0,0.18
2/10/2026 0:00,CH_OTA_BKG,470.54,84.6972,1,0,0.18
2/10/2026 0:00,CH_WHOLE,749.68,0,3,0,0
3/10/2026 0:00,CH_OTA_BKG,640.2682927,115.2482927,2,0,0.18
3/10/2026 0:00,CH_OTA_EXP,1858.72,278.808,6,0,0.15
3/10/2026 0:00,CH_WHOLE,845.64,0,3,0,0
4/10/2026 0:00,CH_DIRECT,624.76,0,2,0,0
4/10/2026 0:00,CH_OTA_BKG,1411.37,254.0466,7,0,0.18
4/10/2026 0:00,CH_OTA_EXP,161.36,24.204,1,0,0.15
5/10/2026 0:00,CH_DIRECT,1152.8,0,4,0,0
5/10/2026 0:00,CH_OTA_BKG,141.22,25.4196,1,0,0.18
5/10/2026 0:00,CH_WHOLE,289.99,0,2,0,0
6/10/2026 0:00,CH_DIRECT,943.97,0,7,0,0
6/10/2026 0:00,CH_OTA_BKG,1341.817073,241.5270732,5,0,0.18
6/10/2026 0:00,CH_WHOLE,1382.74,0,5,0,0
7/10/2026 0:00,CH_OTA_BKG,1029.72439,185.3503902,4,0,0.18
7/10/2026 0:00,CH_OTA_EXP,548.06,82.209,3,0,0.15
7/10/2026 0:00,CH_WHOLE,545.17,0,3,0,0
8/10/2026 0:00,CH_DIRECT,832.3,0,2,2346,2.818695182
8/10/2026 0:00,CH_OTA_BKG,201.8414634,36.33146341,1,0,0.18
8/10/2026 0:00,CH_OTA_EXP,1141.26,171.189,3,0,0.15
8/10/2026 0:00,CH_WHOLE,969.11,0,3,0,0
9/10/2026 0:00,CH_DIRECT,1535.99,0,5,0,0
9/10/2026 0:00,CH_OTA_BKG,668.57,120.3426,2,0,0.18
9/10/2026 0:00,CH_OTA_EXP,690.27,103.5405,2,0,0.15
9/10/2026 0:00,CH_WHOLE,665.1,0,3,0,0
10/10/2026 0:00,CH_OTA_BKG,133.51,24.0318,1,0,0.18
10/10/2026 0:00,CH_OTA_EXP,1277.02,191.553,4,0,0.15
12/10/2026 0:00,CH_DIRECT,876.78,0,3,0,0
12/10/2026 0:00,CH_OTA_EXP,152.94,22.941,1,0,0.15
12/10/2026 0:00,CH_WHOLE,758.1,0,2,0,0
13/10/2026 0:00,CH_DIRECT,1116.89,0,3,0,0
13/10/2026 0:00,CH_OTA_BKG,271.36,48.8448,1,0,0.18
13/10/2026 0:00,CH_OTA_EXP,1185.694118,177.8541176,3,0,0.15
14/10/2026 0:00,CH_DIRECT,1156.37,0,3,1890,1.634424968
14/10/2026 0:00,CH_OTA_BKG,1114.231707,200.5617073,2,0,0.18
15/10/2026 0:00,CH_DIRECT,733.66,0,3,0,0
15/10/2026 0:00,CH_OTA_BKG,594.85,107.073,3,0,0.18
15/10/2026 0:00,CH_OTA_EXP,1328.4,199.26,3,0,0.15
15/10/2026 0:00,CH_WHOLE,597.4,0,3,0,0
16/10/2026 0:00,CH_DIRECT,493.76,0,1,0,0
16/10/2026 0:00,CH_OTA_BKG,289.64,52.1352,2,0,0.18
16/10/2026 0:00,CH_WHOLE,582.65,0,3,0,0
17/10/2026 0:00,CH_OTA_BKG,173.75,31.275,1,0,0.18
17/10/2026 0:00,CH_WHOLE,388.43,0,1,0,0
18/10/2026 0:00,CH_OTA_BKG,620.6097561,111.7097561,3,0,0.18
18/10/2026 0:00,CH_OTA_EXP,1732.595294,259.8892941,5,0,0.15
18/10/2026 0:00,CH_WHOLE,328.69,0,1,0,0
19/10/2026 0:00,CH_OTA_BKG,614.08,110.5344,3,0,0.18
19/10/2026 0:00,CH_OTA_EXP,3032.157059,454.8235588,10,0,0.15
20/10/2026 0:00,CH_OTA_BKG,1164.52,209.6136,3,0,0.18
20/10/2026 0:00,CH_WHOLE,2298.65,0,7,0,0
21/10/2026 0:00,CH_DIRECT,1195,0,3,0,0
21/10/2026 0:00,CH_OTA_BKG,1091.780488,196.5204878,2,0,0.18
21/10/2026 0:00,CH_WHOLE,709.75,0,6,0,0
22/10/2026 0:00,CH_OTA_BKG,811.67,146.1006,2,0,0.18
22/10/2026 0:00,CH_WHOLE,1027.65,0,3,0,0
23/10/2026 0:00,CH_DIRECT,965.27,0,7,808,0.837071493
23/10/2026 0:00,CH_OTA_BKG,3011.54,542.0772,9,0,0.18
23/10/2026 0:00,CH_OTA_EXP,1021.88,153.282,4,0,0.15
24/10/2026 0:00,CH_DIRECT,115.72,0,1,0,0
24/10/2026 0:00,CH_OTA_BKG,447.74,80.5932,3,0,0.18
24/10/2026 0:00,CH_OTA_EXP,487.27,73.0905,4,0,0.15
25/10/2026 0:00,CH_OTA_BKG,504.4,90.792,2,0,0.18
25/10/2026 0:00,CH_WHOLE,977.6,0,3,0,0
26/10/2026 0:00,CH_OTA_BKG,2747.24,494.5032,10,0,0.18
26/10/2026 0:00,CH_WHOLE,579.82,0,2,0,0
27/10/2026 0:00,CH_DIRECT,782.59,0,3,3368,4.303658365
27/10/2026 0:00,CH_OTA_BKG,2097.711463,377.5880634,7,0,0.18
27/10/2026 0:00,CH_WHOLE,319.14,0,2,0,0
28/10/2026 0:00,CH_DIRECT,960.45,0,2,0,0
28/10/2026 0:00,CH_OTA_EXP,1103.13,165.4695,3,0,0.15
28/10/2026 0:00,CH_WHOLE,508.45,0,3,0,0
29/10/2026 0:00,CH_DIRECT,1229.73,0,3,0,0
29/10/2026 0:00,CH_OTA_EXP,221.92,33.288,2,0,0.15
29/10/2026 0:00,CH_WHOLE,1338.46,0,5,0,0
30/10/2026 0:00,CH_DIRECT,1355.44,0,4,2784,2.053945582
30/10/2026 0:00,CH_OTA_BKG,350.21,63.0378,1,0,0.18
30/10/2026 0:00,CH_WHOLE,804.73,0,3,0,0
31/10/2026 0:00,CH_DIRECT,557.65,0,2,0,0
31/10/2026 0:00,CH_OTA_BKG,732.01,131.7618,3,0,0.18
31/10/2026 0:00,CH_WHOLE,546.41,0,2,0,0
1/11/2026 0:00,CH_DIRECT,488.56,0,3,0,0
1/11/2026 0:00,CH_OTA_BKG,1296.780488,233.4204878,5,0,0.18
1/11/2026 0:00,CH_OTA_EXP,1531.631176,229.7446765,4,0,0.15
1/11/2026 0:00,CH_WHOLE,188.78,0,1,0,0
2/11/2026 0:00,CH_OTA_EXP,407.27,61.0905,1,0,0.15
3/11/2026 0:00,CH_DIRECT,1321.92,0,3,0,0
3/11/2026 0:00,CH_OTA_EXP,400.65,60.0975,4,0,0.15
3/11/2026 0:00,CH_WHOLE,117.55,0,1,0,0
4/11/2026 0:00,CH_OTA_BKG,2048.261707,368.6871073,6,0,0.18
4/11/2026 0:00,CH_WHOLE,2185.59,0,8,0,0
5/11/2026 0:00,CH_DIRECT,455.41,0,2,0,0
5/11/2026 0:00,CH_OTA_BKG,1668.41,300.3138,6,0,0.18
5/11/2026 0:00,CH_OTA_EXP,820.63,123.0945,3,0,0.15
6/11/2026 0:00,CH_DIRECT,1628.61,0,8,0,0
7/11/2026 0:00,CH_DIRECT,1421.39,0,4,3990,2.807111349
7/11/2026 0:00,CH_OTA_BKG,1627.952439,293.031439,4,0,0.18
7/11/2026 0:00,CH_OTA_EXP,1689.470588,253.4205882,3,0,0.15
7/11/2026 0:00,CH_WHOLE,180.02,0,2,0,0
8/11/2026 0:00,CH_DIRECT,404.28,0,1,0,0
8/11/2026 0:00,CH_OTA_BKG,379.51,68.3118,1,0,0.18
8/11/2026 0:00,CH_OTA_EXP,2047.592941,307.1389412,6,0,0.15
8/11/2026 0:00,CH_WHOLE,618.38,0,2,0,0
9/11/2026 0:00,CH_DIRECT,209.13,0,2,0,0
9/11/2026 0:00,CH_OTA_EXP,1160.281765,174.0422647,4,0,0.15
9/11/2026 0:00,CH_WHOLE,1899.04,0,6,0,0
10/11/2026 0:00,CH_OTA_BKG,1028.69,185.1642,4,0,0.18
10/11/2026 0:00,CH_OTA_EXP,445.33,66.7995,3,0,0.15
11/11/2026 0:00,CH_DIRECT,1145.36,0,3,0,0
11/11/2026 0:00,CH_OTA_BKG,729.03,131.2254,3,0,0.18
11/11/2026 0:00,CH_OTA_EXP,355.6,53.34,1,0,0.15
12/11/2026 0:00,CH_DIRECT,1197.61,0,3,0,0
12/11/2026 0:00,CH_OTA_EXP,1097.01,164.5515,6,0,0.15
12/11/2026 0:00,CH_WHOLE,1561.83,0,5,0,0
13/11/2026 0:00,CH_OTA_BKG,1966.878537,354.0381366,7,0,0.18
13/11/2026 0:00,CH_WHOLE,2094.27,0,5,0,0
14/11/2026 0:00,CH_OTA_BKG,2259.03,406.6254,7,0,0.18
14/11/2026 0:00,CH_OTA_EXP,274.42,41.163,2,0,0.15
15/11/2026 0:00,CH_DIRECT,196.46,0,1,0,0
15/11/2026 0:00,CH_OTA_BKG,2957.217317,532.2991171,10,0,0.18
15/11/2026 0:00,CH_WHOLE,406.29,0,1,0,0
16/11/2026 0:00,CH_DIRECT,1424.24,0,4,0,0
16/11/2026 0:00,CH_OTA_EXP,961.96,144.294,3,0,0.15
16/11/2026 0:00,CH_WHOLE,237.02,0,1,0,0
17/11/2026 0:00,CH_DIRECT,802.05,0,3,0,0
17/11/2026 0:00,CH_OTA_EXP,1961.42,294.213,6,0,0.15
17/11/2026 0:00,CH_WHOLE,259.36,0,3,0,0
18/11/2026 0:00,CH_DIRECT,373.58,0,3,0,0
18/11/2026 0:00,CH_OTA_BKG,822.505122,148.050922,4,0,0.18
18/11/2026 0:00,CH_OTA_EXP,961.79,144.2685,3,0,0.15
18/11/2026 0:00,CH_WHOLE,328.95,0,1,0,0
19/11/2026 0:00,CH_DIRECT,872.85,0,2,0,0
20/11/2026 0:00,CH_OTA_EXP,190.82,28.623,1,0,0.15
20/11/2026 0:00,CH_WHOLE,411.05,0,3,0,0
21/11/2026 0:00,CH_OTA_BKG,3073.425366,553.2165659,9,0,0.18
21/11/2026 0:00,CH_OTA_EXP,2315.313529,347.2970294,8,0,0.15
22/11/2026 0:00,CH_OTA_BKG,1147.670732,206.5807317,2,0,0.18
22/11/2026 0:00,CH_OTA_EXP,478.67,71.8005,2,0,0.15
22/11/2026 0:00,CH_WHOLE,528.41,0,2,0,0
23/11/2026 0:00,CH_DIRECT,136.75,0,1,0,0
23/11/2026 0:00,CH_WHOLE,966.74,0,3,0,0
24/11/2026 0:00,CH_OTA_BKG,964.8780488,173.6780488,2,0,0.18
24/11/2026 0:00,CH_OTA_EXP,1215.588235,182.3382353,3,0,0.15
24/11/2026 0:00,CH_WHOLE,1448.92,0,4,0,0
25/11/2026 0:00,CH_DIRECT,755.31,0,4,0,0
25/11/2026 0:00,CH_OTA_BKG,570.1585366,102.6285366,1,0,0.18
25/11/2026 0:00,CH_OTA_EXP,544.9882353,81.74823529,2,0,0.15
25/11/2026 0:00,CH_WHOLE,571.94,0,2,0,0
26/11/2026 0:00,CH_DIRECT,2278.69,0,6,0,0
26/11/2026 0:00,CH_OTA_EXP,887.89,133.1835,3,0,0.15
26/11/2026 0:00,CH_WHOLE,1702.26,0,5,0,0
27/11/2026 0:00,CH_DIRECT,1936.83,0,5,0,0
27/11/2026 0:00,CH_OTA_BKG,1805.287073,324.9516732,4,0,0.18
27/11/2026 0:00,CH_OTA_EXP,1588.037647,238.2056471,8,0,0.15
28/11/2026 0:00,CH_DIRECT,526.42,0,3,0,0
28/11/2026 0:00,CH_WHOLE,303.48,0,2,0,0
29/11/2026 0:00,CH_DIRECT,715.66,0,3,0,0
29/11/2026 0:00,CH_OTA_BKG,791.23,142.4214,3,0,0.18
29/11/2026 0:00,CH_OTA_EXP,814.34,122.151,2,0,0.15
29/11/2026 0:00,CH_WHOLE,387.08,0,3,0,0
30/11/2026 0:00,CH_OTA_BKG,1234.353659,222.1836585,3,0,0.18
30/11/2026 0:00,CH_WHOLE,276.57,0,1,0,0
1/12/2026 0:00,CH_DIRECT,443.84,0,1,1611,3.629686373
1/12/2026 0:00,CH_OTA_BKG,1566.45,281.961,5,0,0.18
1/12/2026 0:00,CH_OTA_EXP,1615.2,242.28,5,0,0.15
1/12/2026 0:00,CH_WHOLE,800.28,0,3,0,0
2/12/2026 0:00,CH_DIRECT,1282.14,0,4,0,0
2/12/2026 0:00,CH_OTA_BKG,1991.763171,358.5173707,7,0,0.18
2/12/2026 0:00,CH_OTA_EXP,2449.85,367.4775,8,0,0.15
3/12/2026 0:00,CH_DIRECT,293.84,0,2,0,0
3/12/2026 0:00,CH_OTA_BKG,2294.841951,413.0715512,5,0,0.18
3/12/2026 0:00,CH_OTA_EXP,1131.27,169.6905,4,0,0.15
3/12/2026 0:00,CH_WHOLE,823.5,0,2,0,0
4/12/2026 0:00,CH_DIRECT,657.42,0,3,1321,2.009369961
4/12/2026 0:00,CH_OTA_BKG,1686.14,303.5052,7,0,0.18
5/12/2026 0:00,CH_DIRECT,416.66,0,2,0,0
5/12/2026 0:00,CH_OTA_BKG,497.4,89.532,1,0,0.18
5/12/2026 0:00,CH_OTA_EXP,655.5823529,98.33735294,4,0,0.15
5/12/2026 0:00,CH_WHOLE,2084.26,0,6,0,0
6/12/2026 0:00,CH_OTA_EXP,1452.908235,217.9362353,3,0,0.15
7/12/2026 0:00,CH_DIRECT,201.71,0,2,0,0
7/12/2026 0:00,CH_WHOLE,2371.35,0,6,0,0
8/12/2026 0:00,CH_OTA_BKG,1083.66,195.0588,3,0,0.18
8/12/2026 0:00,CH_WHOLE,135.65,0,1,0,0
9/12/2026 0:00,CH_DIRECT,122.45,0,1,0,0
9/12/2026 0:00,CH_OTA_BKG,1114.036585,200.5265854,2,0,0.18
9/12/2026 0:00,CH_OTA_EXP,1213.33,181.9995,3,0,0.15
10/12/2026 0:00,CH_DIRECT,555.36,0,3,0,0
10/12/2026 0:00,CH_OTA_BKG,446.75,80.415,1,0,0.18
10/12/2026 0:00,CH_WHOLE,406.5,0,1,0,0
11/12/2026 0:00,CH_DIRECT,1074.38,0,3,0,0
11/12/2026 0:00,CH_OTA_BKG,1298.992195,233.8185951,3,0,0.18
11/12/2026 0:00,CH_OTA_EXP,2318.553529,347.7830294,8,0,0.15
12/12/2026 0:00,CH_DIRECT,2181.84,0,6,0,0
12/12/2026 0:00,CH_OTA_BKG,971.86,174.9348,3,0,0.18
12/12/2026 0:00,CH_OTA_EXP,2250.298235,337.5447353,8,0,0.15
12/12/2026 0:00,CH_WHOLE,369.32,0,2,0,0
13/12/2026 0:00,CH_DIRECT,451.59,0,1,0,0
13/12/2026 0:00,CH_OTA_BKG,1684.890244,303.2802439,3,0,0.18
14/12/2026 0:00,CH_DIRECT,201.09,0,1,0,0
14/12/2026 0:00,CH_OTA_EXP,1173.52,176.028,3,0,0.15
14/12/2026 0:00,CH_WHOLE,1341.99,0,7,0,0
15/12/2026 0:00,CH_DIRECT,1707.87,0,8,3095,1.812198821
15/12/2026 0:00,CH_OTA_BKG,1051.04122,189.1874195,5,0,0.18
15/12/2026 0:00,CH_OTA_EXP,1650.92,247.638,5,0,0.15
15/12/2026 0:00,CH_WHOLE,2395.95,0,6,0,0
16/12/2026 0:00,CH_DIRECT,681.71,0,2,0,0
16/12/2026 0:00,CH_OTA_BKG,1151.993659,207.3588585,4,0,0.18
16/12/2026 0:00,CH_WHOLE,925.54,0,2,0,0
17/12/2026 0:00,CH_OTA_BKG,1565.085366,281.7153659,3,0,0.18
17/12/2026 0:00,CH_OTA_EXP,986.19,147.9285,2,0,0.15
17/12/2026 0:00,CH_WHOLE,2602.48,0,8,0,0
18/12/2026 0:00,CH_DIRECT,1582.15,0,5,0,0
18/12/2026 0:00,CH_OTA_EXP,943.86,141.579,3,0,0.15
18/12/2026 0:00,CH_WHOLE,172.35,0,1,0,0
19/12/2026 0:00,CH_DIRECT,356.23,0,2,0,0
19/12/2026 0:00,CH_OTA_BKG,3016.017073,542.8830732,7,0,0.18
19/12/2026 0:00,CH_OTA_EXP,2319.072941,347.8609412,8,0,0.15
19/12/2026 0:00,CH_WHOLE,1354.02,0,6,0,0
20/12/2026 0:00,CH_OTA_BKG,1158.7,208.566,3,0,0.18
20/12/2026 0:00,CH_OTA_EXP,645.84,96.876,3,0,0.15
21/12/2026 0:00,CH_DIRECT,216.6,0,1,0,0
21/12/2026 0:00,CH_OTA_BKG,913.07,164.3526,2,0,0.18
21/12/2026 0:00,CH_OTA_EXP,674.04,101.106,4,0,0.15
21/12/2026 0:00,CH_WHOLE,1068.15,0,3,0,0
22/12/2026 0:00,CH_DIRECT,1960.6,0,4,0,0
22/12/2026 0:00,CH_OTA_BKG,2290.46,412.2828,6,0,0.18
22/12/2026 0:00,CH_OTA_EXP,493.39,74.0085,1,0,0.15
22/12/2026 0:00,CH_WHOLE,617.33,0,3,0,0
23/12/2026 0:00,CH_DIRECT,866.7,0,4,0,0
23/12/2026 0:00,CH_OTA_BKG,437.21,78.6978,1,0,0.18
23/12/2026 0:00,CH_OTA_EXP,1259,188.85,3,0,0.15
23/12/2026 0:00,CH_WHOLE,712.09,0,3,0,0
24/12/2026 0:00,CH_DIRECT,1580.04,0,4,0,0
24/12/2026 0:00,CH_OTA_BKG,232.91,41.9238,2,0,0.18
25/12/2026 0:00,CH_OTA_BKG,1099.361951,197.8851512,3,0,0.18
25/12/2026 0:00,CH_OTA_EXP,859,128.85,5,0,0.15
25/12/2026 0:00,CH_WHOLE,878.09,0,3,0,0
26/12/2026 0:00,CH_DIRECT,1550.8,0,6,1445,0.931777147
26/12/2026 0:00,CH_OTA_EXP,142.68,21.402,1,0,0.15
27/12/2026 0:00,CH_DIRECT,551.29,0,2,0,0
27/12/2026 0:00,CH_OTA_BKG,1913.8,344.484,5,0,0.18
27/12/2026 0:00,CH_OTA_EXP,1138.85,170.8275,3,0,0.15
28/12/2026 0:00,CH_DIRECT,748,0,3,0,0
28/12/2026 0:00,CH_OTA_EXP,538.28,80.742,3,0,0.15
29/12/2026 0:00,CH_DIRECT,1080.21,0,3,0,0
29/12/2026 0:00,CH_OTA_BKG,345.49,62.1882,1,0,0.18
29/12/2026 0:00,CH_WHOLE,673.59,0,5,0,0
30/12/2026 0:00,CH_DIRECT,1552.28,0,4,0,0
30/12/2026 0:00,CH_OTA_BKG,424.7,76.446,3,0,0.18
30/12/2026 0:00,CH_OTA_EXP,337.62,50.643,1,0,0.15
30/12/2026 0:00,CH_WHOLE,831.79,0,2,0,0
31/12/2026 0:00,CH_DIRECT,1587.26,0,7,0,0
31/12/2026 0:00,CH_OTA_BKG,1375.205854,247.5370537,4,0,0.18
31/12/2026 0:00,CH_WHOLE,1359.03,0,3,0,0
